B3,G3,Common Epitopes,
f_min.final_model.000.00.det_cont.csv,f_min.final_model.000.00.det_cont.csv,{'23 K', '35 S', '154 E', '95 R', '33 E', '37 E', '100 S', '14 I', '32 C', '5 E', '92 E', '153 K', '15 L', '9 K', '8 D', '12 R', '13 Y', '10 Q', '19 S', '96 A', '93 Q', '164 R', '89 S', '160 L', '157 Q', '16 D', '1 L', '20 A', '11 I', '22 R', '17 G', '34 S', '103 V', '107 F'}
f_min.final_model.000.00.det_cont.csv,f_min.final_model.000.01.det_cont.csv,{'23 K', '95 R', '100 S', '5 E', '92 E', '15 L', '9 K', '8 D', '12 R', '13 Y', '10 Q', '19 S', '96 A', '93 Q', '164 R', '89 S', '160 L', '157 Q', '16 D', '91 E', '1 L', '20 A', '90 S', '103 V', '107 F'}
f_min.final_model.000.00.det_cont.csv,f_min.final_model.000.02.det_cont.csv,{'23 K', '35 S', '154 E', '33 E', '37 E', '100 S', '14 I', '32 C', '5 E', '153 K', '92 E', '159 S', '162 A', '15 L', '8 D', '150 R', '9 K', '12 R', '13 Y', '158 S', '19 S', '96 A', '93 Q', '164 R', '48 K', '57 Q', '156 L', '160 L', '157 Q', '16 D', '1 L', '20 A', '11 I', '22 R', '17 G', '90 S', '161 R', '34 S', '56 F'}
f_min.final_model.000.00.det_cont.csv,f_min.final_model.000.03.det_cont.csv,{'5 E', '153 K', '164 R', '23 K', '57 Q', '1 L', '20 A', '56 F', '160 L', '157 Q', '15 L', '9 K', '8 D', '16 D', '12 R', '13 Y', '19 S', '32 C'}
f_min.final_model.000.00.det_cont.csv,f_min.final_model.000.04.det_cont.csv,{'5 E', '92 E', '164 R', '103 V', '1 L', '17 G', '9 K', '8 D', '95 R', '16 D', '107 F', '12 R', '13 Y', '10 Q', '100 S', '96 A'}
f_min.final_model.000.00.det_cont.csv,f_min.final_model.000.05.det_cont.csv,{'92 E', '93 Q', '20 A', '23 K', '35 S', '89 S', '22 R', '17 G', '90 S', '33 E', '37 E', '16 D', '91 E', '19 S', '32 C'}
f_min.final_model.000.00.det_cont.csv,f_min.final_model.000.06.det_cont.csv,{'5 E', '92 E', '93 Q', '164 R', '103 V', '1 L', '90 S', '9 K', '8 D', '95 R', '16 D', '91 E', '107 F', '12 R', '13 Y', '10 Q', '100 S', '96 A'}
f_min.final_model.000.00.det_cont.csv,f_min.final_model.000.07.det_cont.csv,{'23 K', '35 S', '154 E', '33 E', '37 E', '32 C', '5 E', '92 E', '153 K', '15 L', '150 R', '9 K', '8 D', '12 R', '13 Y', '19 S', '93 Q', '164 R', '89 S', '160 L', '157 Q', '16 D', '1 L', '20 A', '11 I', '22 R', '17 G', '90 S', '34 S'}
f_min.final_model.000.00.det_cont.csv,f_min.final_model.000.08.det_cont.csv,{'23 K', '95 R', '100 S', '92 E', '9 K', '12 R', '13 Y', '10 Q', '96 A', '93 Q', '89 S', '16 D', '91 E', '1 L', '20 A', '17 G', '90 S', '103 V', '107 F'}
f_min.final_model.000.00.det_cont.csv,f_min.final_model.000.09.det_cont.csv,{'5 E', '1 L', '107 F', '9 K'}
f_min.final_model.000.01.det_cont.csv,f_min.final_model.000.00.det_cont.csv,{'5 E', '164 R', '1 L', '103 V', '99 M', '9 K', '95 R', '6 R', '107 F', '7 I', '13 Y', '10 Q', '100 S', '96 A'}
f_min.final_model.000.01.det_cont.csv,f_min.final_model.000.01.det_cont.csv,{'5 E', '2 T', '164 R', '1 L', '103 V', '106 Q', '99 M', '110 K', '9 K', '95 R', '6 R', '107 F', '7 I', '13 Y', '10 Q', '100 S', '96 A'}
f_min.final_model.000.01.det_cont.csv,f_min.final_model.000.02.det_cont.csv,{'5 E', '60 F', '164 R', '1 L', '165 Q', '9 K', '13 Y', '100 S', '96 A'}
f_min.final_model.000.01.det_cont.csv,f_min.final_model.000.03.det_cont.csv,{'3 S', '61 N', '111 K', '6 R', '62 E', '7 I', '4 S', '5 E', '60 F', '165 Q', '9 K', '13 Y', '114 N', '2 T', '164 R', '166 M', '1 L', '110 K', '113 K'}
f_min.final_model.000.01.det_cont.csv,f_min.final_model.000.04.det_cont.csv,{'3 S', '95 R', '6 R', '4 S', '100 S', '5 E', '9 K', '13 Y', '10 Q', '96 A', '2 T', '164 R', '99 M', '102 K', '109 Q', '1 L', '106 Q', '110 K', '103 V', '107 F'}
f_min.final_model.000.01.det_cont.csv,f_min.final_model.000.05.det_cont.csv,set()
f_min.final_model.000.01.det_cont.csv,f_min.final_model.000.06.det_cont.csv,{'3 S', '111 K', '95 R', '6 R', '4 S', '100 S', '5 E', '165 Q', '9 K', '13 Y', '10 Q', '96 A', '2 T', '164 R', '166 M', '99 M', '102 K', '103 V', '1 L', '106 Q', '110 K', '107 F', '163 L'}
f_min.final_model.000.01.det_cont.csv,f_min.final_model.000.07.det_cont.csv,{'5 E', '2 T', '164 R', '1 L', '9 K', '4 S', '13 Y'}
f_min.final_model.000.01.det_cont.csv,f_min.final_model.000.08.det_cont.csv,{'3 S', '111 K', '95 R', '6 R', '7 I', '100 S', '9 K', '13 Y', '10 Q', '96 A', '99 M', '102 K', '109 Q', '1 L', '113 K', '106 Q', '110 K', '103 V', '107 F'}
f_min.final_model.000.01.det_cont.csv,f_min.final_model.000.09.det_cont.csv,{'3 S', '5 E', '114 N', '2 T', '166 M', '1 L', '113 K', '106 Q', '111 K', '110 K', '9 K', '6 R', '115 L', '4 S', '107 F', '109 Q'}
f_min.final_model.000.02.det_cont.csv,f_min.final_model.000.00.det_cont.csv,{'5 E', '164 R', '1 L', '99 M', '9 K', '95 R', '6 R', '103 V', '107 F'}
f_min.final_model.000.02.det_cont.csv,f_min.final_model.000.01.det_cont.csv,{'5 E', '2 T', '164 R', '1 L', '106 Q', '99 M', '110 K', '9 K', '95 R', '6 R', '103 V', '107 F'}
f_min.final_model.000.02.det_cont.csv,f_min.final_model.000.02.det_cont.csv,{'5 E', '60 F', '164 R', '1 L', '165 Q', '9 K'}
f_min.final_model.000.02.det_cont.csv,f_min.final_model.000.03.det_cont.csv,{'3 S', '5 E', '60 F', '114 N', '2 T', '112 A', '166 M', '165 Q', '164 R', '1 L', '113 K', '111 K', '110 K', '9 K', '6 R', '62 E', '4 S'}
f_min.final_model.000.02.det_cont.csv,f_min.final_model.000.04.det_cont.csv,{'3 S', '5 E', '105 I', '2 T', '164 R', '103 V', '1 L', '106 Q', '99 M', '102 K', '110 K', '9 K', '95 R', '6 R', '4 S', '107 F', '109 Q'}
f_min.final_model.000.02.det_cont.csv,f_min.final_model.000.05.det_cont.csv,set()
f_min.final_model.000.02.det_cont.csv,f_min.final_model.000.06.det_cont.csv,{'3 S', '5 E', '2 T', '164 R', '166 M', '1 L', '103 V', '165 Q', '106 Q', '111 K', '99 M', '102 K', '110 K', '9 K', '95 R', '6 R', '4 S', '107 F'}
f_min.final_model.000.02.det_cont.csv,f_min.final_model.000.07.det_cont.csv,{'5 E', '164 R', '2 T', '1 L', '9 K', '4 S'}
f_min.final_model.000.02.det_cont.csv,f_min.final_model.000.08.det_cont.csv,{'3 S', '105 I', '1 L', '103 V', '106 Q', '111 K', '99 M', '102 K', '110 K', '9 K', '95 R', '6 R', '113 K', '107 F', '109 Q'}
f_min.final_model.000.02.det_cont.csv,f_min.final_model.000.09.det_cont.csv,{'3 S', '112 A', '74 L', '111 K', '6 R', '115 L', '4 S', '5 E', '105 I', '9 K', '120 T', '114 N', '2 T', '166 M', '117 A', '109 Q', '1 L', '106 Q', '110 K', '113 K', '107 F'}
f_min.final_model.000.03.det_cont.csv,f_min.final_model.000.00.det_cont.csv,{'5 E', '164 R', '1 L', '103 V', '99 M', '6 R', '107 F', '13 Y', '10 Q', '100 S', '96 A'}
f_min.final_model.000.03.det_cont.csv,f_min.final_model.000.01.det_cont.csv,{'5 E', '2 T', '164 R', '1 L', '103 V', '106 Q', '99 M', '110 K', '6 R', '107 F', '13 Y', '10 Q', '100 S', '96 A'}
f_min.final_model.000.03.det_cont.csv,f_min.final_model.000.02.det_cont.csv,{'5 E', '60 F', '164 R', '1 L', '165 Q', '13 Y', '100 S', '96 A'}
f_min.final_model.000.03.det_cont.csv,f_min.final_model.000.03.det_cont.csv,{'3 S', '5 E', '60 F', '114 N', '2 T', '112 A', '164 R', '165 Q', '166 M', '1 L', '113 K', '111 K', '110 K', '6 R', '62 E', '4 S', '13 Y'}
f_min.final_model.000.03.det_cont.csv,f_min.final_model.000.04.det_cont.csv,{'3 S', '5 E', '2 T', '164 R', '103 V', '1 L', '106 Q', '99 M', '102 K', '110 K', '6 R', '109 Q', '107 F', '4 S', '13 Y', '10 Q', '100 S', '96 A'}
f_min.final_model.000.03.det_cont.csv,f_min.final_model.000.05.det_cont.csv,set()
f_min.final_model.000.03.det_cont.csv,f_min.final_model.000.06.det_cont.csv,{'3 S', '111 K', '6 R', '4 S', '100 S', '5 E', '165 Q', '13 Y', '10 Q', '96 A', '2 T', '164 R', '166 M', '99 M', '102 K', '1 L', '106 Q', '110 K', '103 V', '107 F'}
f_min.final_model.000.03.det_cont.csv,f_min.final_model.000.07.det_cont.csv,{'5 E', '2 T', '164 R', '1 L', '4 S', '13 Y'}
f_min.final_model.000.03.det_cont.csv,f_min.final_model.000.08.det_cont.csv,{'3 S', '1 L', '103 V', '113 K', '106 Q', '111 K', '99 M', '102 K', '110 K', '6 R', '109 Q', '107 F', '13 Y', '10 Q', '100 S', '96 A'}
f_min.final_model.000.03.det_cont.csv,f_min.final_model.000.09.det_cont.csv,{'3 S', '5 E', '114 N', '2 T', '166 M', '112 A', '1 L', '113 K', '106 Q', '111 K', '110 K', '6 R', '115 L', '4 S', '107 F', '109 Q'}
f_min.final_model.000.04.det_cont.csv,f_min.final_model.000.00.det_cont.csv,{'23 K', '95 R', '6 R', '7 I', '100 S', '5 E', '92 E', '15 L', '9 K', '12 R', '13 Y', '10 Q', '19 S', '96 A', '93 Q', '89 S', '99 M', '16 D', '1 L', '20 A', '11 I', '17 G', '103 V', '107 F'}
f_min.final_model.000.04.det_cont.csv,f_min.final_model.000.01.det_cont.csv,{'23 K', '95 R', '6 R', '7 I', '100 S', '5 E', '92 E', '15 L', '9 K', '97 V', '12 R', '13 Y', '10 Q', '19 S', '96 A', '93 Q', '89 S', '101 T', '99 M', '16 D', '91 E', '1 L', '20 A', '90 S', '106 Q', '110 K', '84 Q', '88 E', '103 V', '107 F'}
f_min.final_model.000.04.det_cont.csv,f_min.final_model.000.02.det_cont.csv,{'23 K', '100 S', '5 E', '92 E', '15 L', '9 K', '97 V', '12 R', '13 Y', '19 S', '96 A', '93 Q', '16 D', '21 L', '1 L', '20 A', '11 I', '17 G', '90 S'}
f_min.final_model.000.04.det_cont.csv,f_min.final_model.000.03.det_cont.csv,{'5 E', '1 L', '20 A', '23 K', '15 L', '110 K', '9 K', '16 D', '6 R', '7 I', '13 Y', '19 S', '12 R'}
f_min.final_model.000.04.det_cont.csv,f_min.final_model.000.04.det_cont.csv,{'95 R', '6 R', '100 S', '5 E', '92 E', '105 I', '9 K', '97 V', '12 R', '13 Y', '10 Q', '96 A', '99 M', '102 K', '16 D', '109 Q', '1 L', '17 G', '106 Q', '110 K', '103 V', '107 F'}
f_min.final_model.000.04.det_cont.csv,f_min.final_model.000.05.det_cont.csv,{'92 E', '93 Q', '20 A', '23 K', '89 S', '17 G', '90 S', '88 E', '16 D', '91 E', '19 S'}
f_min.final_model.000.04.det_cont.csv,f_min.final_model.000.06.det_cont.csv,{'98 Q', '95 R', '6 R', '100 S', '5 E', '92 E', '9 K', '97 V', '12 R', '13 Y', '10 Q', '96 A', '93 Q', '101 T', '99 M', '102 K', '16 D', '91 E', '1 L', '90 S', '106 Q', '110 K', '84 Q', '88 E', '103 V', '107 F'}
f_min.final_model.000.04.det_cont.csv,f_min.final_model.000.07.det_cont.csv,{'5 E', '92 E', '93 Q', '23 K', '1 L', '20 A', '89 S', '11 I', '17 G', '90 S', '15 L', '9 K', '88 E', '16 D', '21 L', '12 R', '13 Y', '19 S'}
f_min.final_model.000.04.det_cont.csv,f_min.final_model.000.08.det_cont.csv,{'23 K', '98 Q', '95 R', '6 R', '7 I', '100 S', '92 E', '105 I', '9 K', '12 R', '13 Y', '10 Q', '96 A', '93 Q', '89 S', '101 T', '99 M', '102 K', '16 D', '91 E', '109 Q', '1 L', '20 A', '17 G', '90 S', '106 Q', '110 K', '103 V', '107 F'}
f_min.final_model.000.04.det_cont.csv,f_min.final_model.000.09.det_cont.csv,{'5 E', '105 I', '1 L', '106 Q', '110 K', '9 K', '6 R', '107 F', '109 Q'}
f_min.final_model.000.05.det_cont.csv,f_min.final_model.000.00.det_cont.csv,{'95 R', '6 R', '100 S', '14 I', '5 E', '92 E', '9 K', '12 R', '13 Y', '10 Q', '96 A', '93 Q', '99 M', '16 D', '1 L', '20 A', '17 G', '103 V', '107 F'}
f_min.final_model.000.05.det_cont.csv,f_min.final_model.000.01.det_cont.csv,{'95 R', '6 R', '100 S', '5 E', '92 E', '9 K', '97 V', '12 R', '13 Y', '10 Q', '96 A', '93 Q', '2 T', '99 M', '16 D', '91 E', '1 L', '20 A', '106 Q', '110 K', '103 V', '107 F'}
f_min.final_model.000.05.det_cont.csv,f_min.final_model.000.02.det_cont.csv,{'5 E', '92 E', '93 Q', '1 L', '20 A', '17 G', '96 A', '9 K', '97 V', '16 D', '12 R', '13 Y', '100 S', '14 I'}
f_min.final_model.000.05.det_cont.csv,f_min.final_model.000.03.det_cont.csv,{'5 E', '114 N', '2 T', '1 L', '20 A', '112 A', '113 K', '111 K', '110 K', '9 K', '16 D', '6 R', '12 R', '13 Y'}
f_min.final_model.000.05.det_cont.csv,f_min.final_model.000.04.det_cont.csv,{'95 R', '6 R', '100 S', '5 E', '92 E', '9 K', '97 V', '12 R', '13 Y', '10 Q', '96 A', '2 T', '99 M', '102 K', '16 D', '109 Q', '1 L', '17 G', '106 Q', '110 K', '103 V', '107 F'}
f_min.final_model.000.05.det_cont.csv,f_min.final_model.000.05.det_cont.csv,{'92 E', '20 A', '93 Q', '17 G', '16 D', '91 E'}
f_min.final_model.000.05.det_cont.csv,f_min.final_model.000.06.det_cont.csv,{'111 K', '95 R', '6 R', '100 S', '5 E', '92 E', '9 K', '97 V', '12 R', '13 Y', '10 Q', '96 A', '93 Q', '2 T', '99 M', '102 K', '16 D', '91 E', '1 L', '106 Q', '110 K', '103 V', '107 F'}
f_min.final_model.000.05.det_cont.csv,f_min.final_model.000.07.det_cont.csv,{'5 E', '92 E', '93 Q', '2 T', '1 L', '20 A', '17 G', '9 K', '16 D', '12 R', '13 Y'}
f_min.final_model.000.05.det_cont.csv,f_min.final_model.000.08.det_cont.csv,{'111 K', '95 R', '6 R', '100 S', '92 E', '9 K', '12 R', '13 Y', '10 Q', '96 A', '93 Q', '99 M', '102 K', '16 D', '91 E', '109 Q', '1 L', '20 A', '17 G', '113 K', '106 Q', '110 K', '103 V', '108 L', '107 F'}
f_min.final_model.000.05.det_cont.csv,f_min.final_model.000.09.det_cont.csv,{'112 A', '74 L', '111 K', '6 R', '115 L', '118 I', '5 E', '9 K', '120 T', '114 N', '2 T', '117 A', '109 Q', '1 L', '106 Q', '110 K', '119 T', '113 K', '108 L', '116 D', '107 F'}
f_min.final_model.000.06.det_cont.csv,f_min.final_model.000.00.det_cont.csv,{'23 K', '95 R', '6 R', '100 S', '14 I', '5 E', '92 E', '15 L', '8 D', '9 K', '12 R', '13 Y', '19 S', '10 Q', '96 A', '93 Q', '99 M', '16 D', '1 L', '20 A', '17 G', '27 N', '103 V', '107 F'}
f_min.final_model.000.06.det_cont.csv,f_min.final_model.000.01.det_cont.csv,{'23 K', '95 R', '6 R', '100 S', '5 E', '92 E', '15 L', '9 K', '8 D', '97 V', '12 R', '13 Y', '10 Q', '19 S', '96 A', '93 Q', '2 T', '99 M', '16 D', '1 L', '20 A', '90 S', '106 Q', '110 K', '84 Q', '103 V', '107 F'}
f_min.final_model.000.06.det_cont.csv,f_min.final_model.000.02.det_cont.csv,{'23 K', '100 S', '14 I', '5 E', '92 E', '15 L', '8 D', '97 V', '9 K', '12 R', '13 Y', '19 S', '96 A', '93 Q', '16 D', '1 L', '20 A', '17 G', '27 N', '90 S'}
f_min.final_model.000.06.det_cont.csv,f_min.final_model.000.03.det_cont.csv,{'5 E', '2 T', '1 L', '23 K', '20 A', '15 L', '110 K', '9 K', '8 D', '16 D', '6 R', '12 R', '13 Y', '19 S'}
f_min.final_model.000.06.det_cont.csv,f_min.final_model.000.04.det_cont.csv,{'95 R', '6 R', '100 S', '5 E', '92 E', '105 I', '9 K', '8 D', '97 V', '12 R', '13 Y', '10 Q', '96 A', '2 T', '99 M', '102 K', '16 D', '109 Q', '1 L', '17 G', '106 Q', '110 K', '103 V', '107 F'}
f_min.final_model.000.06.det_cont.csv,f_min.final_model.000.05.det_cont.csv,{'92 E', '93 Q', '20 A', '23 K', '17 G', '27 N', '90 S', '16 D', '19 S'}
f_min.final_model.000.06.det_cont.csv,f_min.final_model.000.06.det_cont.csv,{'98 Q', '95 R', '6 R', '100 S', '5 E', '92 E', '8 D', '97 V', '9 K', '12 R', '13 Y', '10 Q', '96 A', '93 Q', '2 T', '99 M', '102 K', '16 D', '1 L', '90 S', '106 Q', '110 K', '84 Q', '103 V', '107 F'}
f_min.final_model.000.06.det_cont.csv,f_min.final_model.000.07.det_cont.csv,{'5 E', '92 E', '93 Q', '23 K', '2 T', '1 L', '20 A', '17 G', '27 N', '90 S', '15 L', '8 D', '9 K', '16 D', '12 R', '13 Y', '19 S'}
f_min.final_model.000.06.det_cont.csv,f_min.final_model.000.08.det_cont.csv,{'23 K', '98 Q', '95 R', '6 R', '100 S', '92 E', '105 I', '9 K', '12 R', '13 Y', '10 Q', '96 A', '93 Q', '99 M', '102 K', '16 D', '109 Q', '1 L', '20 A', '17 G', '90 S', '106 Q', '110 K', '103 V', '107 F'}
f_min.final_model.000.06.det_cont.csv,f_min.final_model.000.09.det_cont.csv,{'5 E', '105 I', '2 T', '1 L', '74 L', '106 Q', '110 K', '9 K', '6 R', '107 F', '120 T', '109 Q'}
f_min.final_model.000.07.det_cont.csv,f_min.final_model.000.00.det_cont.csv,{'23 K', '35 S', '31 M', '95 R', '33 E', '14 I', '32 C', '5 E', '92 E', '153 K', '36 K', '15 L', '9 K', '8 D', '12 R', '13 Y', '19 S', '96 A', '93 Q', '164 R', '89 S', '160 L', '26 C', '157 Q', '99 M', '16 D', '1 L', '20 A', '11 I', '22 R', '17 G', '27 N', '34 S'}
f_min.final_model.000.07.det_cont.csv,f_min.final_model.000.01.det_cont.csv,{'23 K', '95 R', '5 E', '92 E', '15 L', '9 K', '8 D', '12 R', '13 Y', '19 S', '96 A', '93 Q', '164 R', '89 S', '160 L', '157 Q', '99 M', '16 D', '91 E', '1 L', '20 A', '90 S', '84 Q'}
f_min.final_model.000.07.det_cont.csv,f_min.final_model.000.02.det_cont.csv,{'23 K', '35 S', '33 E', '14 I', '32 C', '5 E', '153 K', '92 E', '36 K', '15 L', '8 D', '150 R', '9 K', '149 L', '18 I', '12 R', '13 Y', '19 S', '96 A', '93 Q', '164 R', '57 Q', '160 L', '26 C', '157 Q', '16 D', '94 A', '1 L', '20 A', '11 I', '22 R', '17 G', '27 N', '90 S', '161 R', '34 S'}
f_min.final_model.000.07.det_cont.csv,f_min.final_model.000.03.det_cont.csv,{'5 E', '153 K', '164 R', '23 K', '57 Q', '1 L', '20 A', '160 L', '157 Q', '15 L', '9 K', '8 D', '16 D', '12 R', '13 Y', '19 S', '32 C'}
f_min.final_model.000.07.det_cont.csv,f_min.final_model.000.04.det_cont.csv,{'5 E', '92 E', '164 R', '1 L', '17 G', '99 M', '8 D', '9 K', '95 R', '16 D', '12 R', '13 Y', '96 A'}
f_min.final_model.000.07.det_cont.csv,f_min.final_model.000.05.det_cont.csv,{'23 K', '35 S', '31 M', '33 E', '30 N', '32 C', '92 E', '36 K', '19 S', '93 Q', '89 S', '26 C', '16 D', '91 E', '20 A', '22 R', '17 G', '27 N', '90 S'}
f_min.final_model.000.07.det_cont.csv,f_min.final_model.000.06.det_cont.csv,{'5 E', '92 E', '93 Q', '164 R', '1 L', '94 A', '90 S', '99 M', '8 D', '9 K', '95 R', '84 Q', '16 D', '91 E', '12 R', '13 Y', '96 A'}
f_min.final_model.000.07.det_cont.csv,f_min.final_model.000.07.det_cont.csv,{'23 K', '35 S', '33 E', '30 N', '32 C', '5 E', '153 K', '92 E', '15 L', '8 D', '150 R', '9 K', '18 I', '12 R', '13 Y', '19 S', '93 Q', '164 R', '89 S', '160 L', '26 C', '157 Q', '16 D', '1 L', '20 A', '11 I', '22 R', '17 G', '27 N', '90 S', '34 S'}
f_min.final_model.000.07.det_cont.csv,f_min.final_model.000.08.det_cont.csv,{'92 E', '93 Q', '1 L', '23 K', '20 A', '94 A', '89 S', '17 G', '90 S', '99 M', '9 K', '95 R', '16 D', '91 E', '12 R', '13 Y', '96 A'}
f_min.final_model.000.07.det_cont.csv,f_min.final_model.000.09.det_cont.csv,{'5 E', '1 L', '9 K'}
f_min.final_model.000.08.det_cont.csv,f_min.final_model.000.00.det_cont.csv,{'23 K', '31 M', '32 C', '5 E', '153 K', '92 E', '15 L', '8 D', '9 K', '12 R', '13 Y', '19 S', '93 Q', '164 R', '89 S', '160 L', '26 C', '157 Q', '16 D', '20 A', '17 G', '27 N', '34 S'}
f_min.final_model.000.08.det_cont.csv,f_min.final_model.000.01.det_cont.csv,{'23 K', '5 E', '92 E', '15 L', '9 K', '8 D', '97 V', '12 R', '13 Y', '19 S', '93 Q', '164 R', '89 S', '160 L', '157 Q', '16 D', '91 E', '20 A', '90 S', '88 E'}
f_min.final_model.000.08.det_cont.csv,f_min.final_model.000.02.det_cont.csv,{'23 K', '32 C', '5 E', '153 K', '92 E', '15 L', '8 D', '97 V', '9 K', '18 I', '12 R', '13 Y', '19 S', '93 Q', '164 R', '160 L', '26 C', '157 Q', '16 D', '21 L', '20 A', '17 G', '27 N', '90 S', '161 R', '34 S'}
f_min.final_model.000.08.det_cont.csv,f_min.final_model.000.03.det_cont.csv,{'5 E', '153 K', '164 R', '23 K', '20 A', '160 L', '157 Q', '15 L', '9 K', '8 D', '16 D', '12 R', '13 Y', '19 S', '32 C'}
f_min.final_model.000.08.det_cont.csv,f_min.final_model.000.04.det_cont.csv,{'5 E', '92 E', '164 R', '17 G', '8 D', '97 V', '9 K', '16 D', '12 R', '13 Y'}
f_min.final_model.000.08.det_cont.csv,f_min.final_model.000.05.det_cont.csv,{'24 E', '23 K', '28 K', '31 M', '30 N', '32 C', '92 E', '142 D', '29 S', '19 S', '93 Q', '89 S', '26 C', '16 D', '91 E', '20 A', '137 N', '27 N', '17 G', '87 F', '90 S', '138 Q', '88 E', '139 W'}
f_min.final_model.000.08.det_cont.csv,f_min.final_model.000.06.det_cont.csv,{'5 E', '92 E', '93 Q', '164 R', '90 S', '8 D', '97 V', '9 K', '88 E', '16 D', '91 E', '12 R', '13 Y'}
f_min.final_model.000.08.det_cont.csv,f_min.final_model.000.07.det_cont.csv,{'24 E', '23 K', '28 K', '86 R', '30 N', '32 C', '5 E', '153 K', '92 E', '15 L', '8 D', '9 K', '142 D', '18 I', '29 S', '13 Y', '12 R', '19 S', '93 Q', '164 R', '89 S', '160 L', '26 C', '157 Q', '16 D', '21 L', '20 A', '17 G', '27 N', '90 S', '87 F', '138 Q', '88 E', '34 S'}
f_min.final_model.000.08.det_cont.csv,f_min.final_model.000.08.det_cont.csv,{'92 E', '93 Q', '20 A', '23 K', '89 S', '17 G', '90 S', '9 K', '16 D', '91 E', '12 R', '13 Y'}
f_min.final_model.000.08.det_cont.csv,f_min.final_model.000.09.det_cont.csv,{'5 E', '9 K'}
f_min.final_model.000.09.det_cont.csv,f_min.final_model.000.00.det_cont.csv,{'35 S', '33 E', '37 E', '6 R', '5 E', '153 K', '15 L', '8 D', '9 K', '12 R', '13 Y', '19 S', '164 R', '160 L', '157 Q', '16 D', '1 L', '11 I', '22 R', '34 S'}
f_min.final_model.000.09.det_cont.csv,f_min.final_model.000.01.det_cont.csv,{'5 E', '2 T', '164 R', '1 L', '160 L', '157 Q', '15 L', '110 K', '8 D', '9 K', '16 D', '6 R', '12 R', '13 Y', '19 S'}
f_min.final_model.000.09.det_cont.csv,f_min.final_model.000.02.det_cont.csv,{'35 S', '33 E', '37 E', '5 E', '60 F', '153 K', '165 Q', '162 A', '15 L', '8 D', '9 K', '12 R', '13 Y', '158 S', '19 S', '164 R', '156 L', '57 Q', '160 L', '157 Q', '16 D', '1 L', '11 I', '22 R', '161 R', '34 S', '56 F'}
f_min.final_model.000.09.det_cont.csv,f_min.final_model.000.03.det_cont.csv,{'3 S', '111 K', '6 R', '4 S', '5 E', '60 F', '153 K', '165 Q', '15 L', '9 K', '8 D', '12 R', '13 Y', '19 S', '114 N', '2 T', '166 M', '164 R', '57 Q', '160 L', '157 Q', '16 D', '1 L', '113 K', '110 K', '56 F'}
f_min.final_model.000.09.det_cont.csv,f_min.final_model.000.04.det_cont.csv,{'3 S', '5 E', '2 T', '164 R', '1 L', '110 K', '9 K', '8 D', '16 D', '6 R', '12 R', '4 S', '13 Y'}
f_min.final_model.000.09.det_cont.csv,f_min.final_model.000.05.det_cont.csv,{'35 S', '22 R', '33 E', '37 E', '16 D', '19 S'}
f_min.final_model.000.09.det_cont.csv,f_min.final_model.000.06.det_cont.csv,{'3 S', '5 E', '2 T', '166 M', '164 R', '1 L', '165 Q', '111 K', '110 K', '9 K', '8 D', '16 D', '6 R', '12 R', '4 S', '13 Y', '163 L'}
f_min.final_model.000.09.det_cont.csv,f_min.final_model.000.07.det_cont.csv,{'35 S', '33 E', '37 E', '4 S', '5 E', '153 K', '15 L', '8 D', '9 K', '12 R', '13 Y', '19 S', '2 T', '164 R', '160 L', '157 Q', '16 D', '1 L', '11 I', '22 R', '34 S'}
f_min.final_model.000.09.det_cont.csv,f_min.final_model.000.08.det_cont.csv,{'3 S', '1 L', '113 K', '111 K', '110 K', '9 K', '16 D', '6 R', '12 R', '13 Y'}
f_min.final_model.000.09.det_cont.csv,f_min.final_model.000.09.det_cont.csv,{'3 S', '5 E', '114 N', '2 T', '166 M', '1 L', '113 K', '111 K', '110 K', '9 K', '6 R', '4 S'}
