A4,B3,Common Epitopes,
f_min.final_model.000.00.det_cont.csv,f_min.final_model.000.00.det_cont.csv,{'107 F', '1 L', '5 E', '16 D', '103 V', '8 D', '12 R', '9 K', '164 R', '13 Y', '10 Q'}
f_min.final_model.000.00.det_cont.csv,f_min.final_model.000.01.det_cont.csv,{'107 F', '1 L', '113 K', '13 Y', '5 E', '109 Q', '103 V', '3 S', '2 T', '6 R', '99 M', '9 K', '110 K', '164 R', '106 Q', '10 Q'}
f_min.final_model.000.00.det_cont.csv,f_min.final_model.000.02.det_cont.csv,{'107 F', '1 L', '113 K', '5 E', '109 Q', '103 V', '3 S', '2 T', '6 R', '99 M', '9 K', '110 K', '164 R', '106 Q'}
f_min.final_model.000.00.det_cont.csv,f_min.final_model.000.03.det_cont.csv,{'107 F', '1 L', '113 K', '13 Y', '5 E', '109 Q', '103 V', '3 S', '2 T', '6 R', '99 M', '110 K', '164 R', '106 Q', '10 Q'}
f_min.final_model.000.00.det_cont.csv,f_min.final_model.000.04.det_cont.csv,{'107 F', '1 L', '13 Y', '5 E', '109 Q', '16 D', '103 V', '12 R', '6 R', '99 M', '9 K', '110 K', '106 Q', '10 Q'}
f_min.final_model.000.00.det_cont.csv,f_min.final_model.000.05.det_cont.csv,{'107 F', '1 L', '113 K', '13 Y', '5 E', '109 Q', '16 D', '103 V', '12 R', '2 T', '6 R', '99 M', '9 K', '110 K', '106 Q', '10 Q'}
f_min.final_model.000.00.det_cont.csv,f_min.final_model.000.06.det_cont.csv,{'107 F', '1 L', '13 Y', '5 E', '109 Q', '16 D', '103 V', '8 D', '12 R', '2 T', '6 R', '99 M', '9 K', '110 K', '106 Q', '10 Q'}
f_min.final_model.000.00.det_cont.csv,f_min.final_model.000.07.det_cont.csv,{'1 L', '5 E', '16 D', '8 D', '12 R', '9 K', '99 M', '164 R', '13 Y'}
f_min.final_model.000.00.det_cont.csv,f_min.final_model.000.08.det_cont.csv,{'5 E', '16 D', '8 D', '12 R', '9 K', '164 R', '13 Y'}
f_min.final_model.000.00.det_cont.csv,f_min.final_model.000.09.det_cont.csv,{'1 L', '113 K', '5 E', '16 D', '8 D', '12 R', '3 S', '2 T', '9 K', '6 R', '110 K', '164 R', '13 Y'}
f_min.final_model.000.00.det_cont.csv,f_min.final_model.000.10.det_cont.csv,{'1 L', '5 E', '8 D', '12 R', '2 T', '9 K', '164 R'}
f_min.final_model.000.00.det_cont.csv,f_min.final_model.000.11.det_cont.csv,{'1 L', '113 K', '5 E', '8 D', '3 S', '2 T', '9 K', '6 R', '164 R'}
f_min.final_model.000.00.det_cont.csv,f_min.final_model.000.12.det_cont.csv,{'99 M'}
f_min.final_model.000.00.det_cont.csv,f_min.final_model.000.13.det_cont.csv,{'107 F', '1 L', '113 K', '5 E', '109 Q', '16 D', '103 V', '12 R', '3 S', '2 T', '6 R', '99 M', '9 K', '110 K', '13 Y', '10 Q'}
f_min.final_model.000.00.det_cont.csv,f_min.final_model.000.14.det_cont.csv,{'1 L', '113 K', '5 E', '16 D', '8 D', '12 R', '3 S', '2 T', '9 K', '6 R', '164 R', '13 Y'}
f_min.final_model.000.01.det_cont.csv,f_min.final_model.000.00.det_cont.csv,{'107 F', '1 L', '100 S', '5 E', '16 D', '8 D', '103 V', '12 R', '9 K', '13 Y', '10 Q'}
f_min.final_model.000.01.det_cont.csv,f_min.final_model.000.01.det_cont.csv,{'102 K', '6 R', '99 M', '106 Q', '113 K', '109 Q', '3 S', '9 K', '110 K', '114 N', '13 Y', '107 F', '1 L', '5 E', '100 S', '111 K', '103 V', '2 T', '115 L', '10 Q'}
f_min.final_model.000.01.det_cont.csv,f_min.final_model.000.02.det_cont.csv,{'74 L', '102 K', '6 R', '99 M', '106 Q', '113 K', '109 Q', '120 T', '3 S', '9 K', '112 A', '110 K', '114 N', '123 P', '107 F', '1 L', '5 E', '77 E', '111 K', '103 V', '105 I', '2 T', '115 L', '117 A'}
f_min.final_model.000.01.det_cont.csv,f_min.final_model.000.03.det_cont.csv,{'66 L', '102 K', '6 R', '99 M', '106 Q', '113 K', '109 Q', '3 S', '112 A', '110 K', '114 N', '13 Y', '107 F', '1 L', '5 E', '100 S', '111 K', '103 V', '2 T', '115 L', '10 Q'}
f_min.final_model.000.01.det_cont.csv,f_min.final_model.000.04.det_cont.csv,{'102 K', '6 R', '99 M', '106 Q', '109 Q', '12 R', '9 K', '110 K', '13 Y', '123 P', '107 F', '1 L', '5 E', '16 D', '77 E', '100 S', '103 V', '105 I', '10 Q'}
f_min.final_model.000.01.det_cont.csv,f_min.final_model.000.05.det_cont.csv,{'74 L', '102 K', '6 R', '99 M', '108 L', '106 Q', '113 K', '118 I', '109 Q', '121 P', '120 T', '12 R', '9 K', '112 A', '110 K', '114 N', '13 Y', '123 P', '107 F', '1 L', '5 E', '16 D', '119 T', '116 D', '100 S', '111 K', '103 V', '2 T', '115 L', '10 Q', '117 A'}
f_min.final_model.000.01.det_cont.csv,f_min.final_model.000.06.det_cont.csv,{'74 L', '102 K', '6 R', '99 M', '106 Q', '109 Q', '120 T', '12 R', '9 K', '110 K', '13 Y', '107 F', '1 L', '5 E', '16 D', '100 S', '103 V', '105 I', '8 D', '2 T', '10 Q'}
f_min.final_model.000.01.det_cont.csv,f_min.final_model.000.07.det_cont.csv,{'1 L', '5 E', '16 D', '8 D', '12 R', '9 K', '99 M', '13 Y'}
f_min.final_model.000.01.det_cont.csv,f_min.final_model.000.08.det_cont.csv,{'5 E', '16 D', '8 D', '12 R', '9 K', '13 Y'}
f_min.final_model.000.01.det_cont.csv,f_min.final_model.000.09.det_cont.csv,{'1 L', '111 K', '113 K', '5 E', '16 D', '8 D', '12 R', '3 S', '2 T', '9 K', '6 R', '110 K', '114 N', '13 Y'}
f_min.final_model.000.01.det_cont.csv,f_min.final_model.000.10.det_cont.csv,{'1 L', '5 E', '8 D', '12 R', '2 T', '9 K'}
f_min.final_model.000.01.det_cont.csv,f_min.final_model.000.11.det_cont.csv,{'1 L', '111 K', '113 K', '5 E', '8 D', '3 S', '2 T', '9 K', '6 R', '114 N'}
f_min.final_model.000.01.det_cont.csv,f_min.final_model.000.12.det_cont.csv,{'74 L', '102 K', '77 E', '99 M', '123 P'}
f_min.final_model.000.01.det_cont.csv,f_min.final_model.000.13.det_cont.csv,{'6 R', '99 M', '113 K', '109 Q', '12 R', '3 S', '9 K', '112 A', '110 K', '114 N', '13 Y', '107 F', '1 L', '5 E', '16 D', '100 S', '111 K', '103 V', '2 T', '10 Q'}
f_min.final_model.000.01.det_cont.csv,f_min.final_model.000.14.det_cont.csv,{'1 L', '111 K', '113 K', '5 E', '16 D', '8 D', '12 R', '3 S', '2 T', '9 K', '6 R', '13 Y'}
f_min.final_model.000.02.det_cont.csv,f_min.final_model.000.00.det_cont.csv,{'19 S', '96 A', '20 A', '17 G', '12 R', '9 K', '13 Y', '107 F', '1 L', '93 Q', '5 E', '16 D', '92 E', '95 R', '100 S', '91 E', '14 I', '8 D', '103 V', '10 Q'}
f_min.final_model.000.02.det_cont.csv,f_min.final_model.000.01.det_cont.csv,{'6 R', '96 A', '99 M', '106 Q', '113 K', '109 Q', '3 S', '9 K', '110 K', '13 Y', '107 F', '1 L', '5 E', '95 R', '100 S', '111 K', '103 V', '2 T', '10 Q'}
f_min.final_model.000.02.det_cont.csv,f_min.final_model.000.02.det_cont.csv,{'107 F', '1 L', '111 K', '113 K', '5 E', '109 Q', '103 V', '3 S', '2 T', '6 R', '99 M', '9 K', '112 A', '110 K', '95 R', '106 Q'}
f_min.final_model.000.02.det_cont.csv,f_min.final_model.000.03.det_cont.csv,{'107 F', '1 L', '100 S', '111 K', '113 K', '13 Y', '5 E', '109 Q', '103 V', '3 S', '2 T', '6 R', '96 A', '99 M', '112 A', '110 K', '106 Q', '10 Q'}
f_min.final_model.000.02.det_cont.csv,f_min.final_model.000.04.det_cont.csv,{'19 S', '98 Q', '6 R', '96 A', '99 M', '20 A', '106 Q', '101 T', '109 Q', '17 G', '12 R', '9 K', '110 K', '97 V', '13 Y', '107 F', '1 L', '93 Q', '5 E', '16 D', '92 E', '95 R', '100 S', '91 E', '103 V', '10 Q'}
f_min.final_model.000.02.det_cont.csv,f_min.final_model.000.05.det_cont.csv,{'6 R', '96 A', '99 M', '20 A', '106 Q', '113 K', '109 Q', '17 G', '12 R', '9 K', '112 A', '110 K', '97 V', '13 Y', '107 F', '1 L', '93 Q', '5 E', '16 D', '92 E', '95 R', '100 S', '111 K', '91 E', '14 I', '103 V', '2 T', '10 Q'}
f_min.final_model.000.02.det_cont.csv,f_min.final_model.000.06.det_cont.csv,{'19 S', '98 Q', '6 R', '96 A', '99 M', '20 A', '106 Q', '109 Q', '17 G', '12 R', '9 K', '110 K', '97 V', '13 Y', '107 F', '1 L', '93 Q', '5 E', '16 D', '92 E', '95 R', '100 S', '14 I', '8 D', '103 V', '2 T', '10 Q'}
f_min.final_model.000.02.det_cont.csv,f_min.final_model.000.07.det_cont.csv,{'1 L', '93 Q', '94 A', '91 E', '5 E', '19 S', '17 G', '16 D', '14 I', '8 D', '12 R', '92 E', '9 K', '96 A', '99 M', '20 A', '95 R', '13 Y'}
f_min.final_model.000.02.det_cont.csv,f_min.final_model.000.08.det_cont.csv,{'93 Q', '91 E', '5 E', '19 S', '17 G', '16 D', '8 D', '12 R', '92 E', '9 K', '20 A', '97 V', '13 Y'}
f_min.final_model.000.02.det_cont.csv,f_min.final_model.000.09.det_cont.csv,{'1 L', '111 K', '113 K', '5 E', '19 S', '16 D', '8 D', '12 R', '3 S', '2 T', '6 R', '9 K', '110 K', '13 Y'}
f_min.final_model.000.02.det_cont.csv,f_min.final_model.000.10.det_cont.csv,{'1 L', '5 E', '8 D', '12 R', '2 T', '9 K'}
f_min.final_model.000.02.det_cont.csv,f_min.final_model.000.11.det_cont.csv,{'1 L', '111 K', '113 K', '5 E', '8 D', '3 S', '2 T', '9 K', '6 R'}
f_min.final_model.000.02.det_cont.csv,f_min.final_model.000.12.det_cont.csv,{'95 R', '91 E', '99 M', '98 Q'}
f_min.final_model.000.02.det_cont.csv,f_min.final_model.000.13.det_cont.csv,{'19 S', '98 Q', '6 R', '96 A', '99 M', '20 A', '101 T', '113 K', '109 Q', '17 G', '12 R', '3 S', '9 K', '112 A', '110 K', '97 V', '13 Y', '107 F', '1 L', '93 Q', '5 E', '16 D', '92 E', '95 R', '100 S', '111 K', '103 V', '2 T', '10 Q'}
f_min.final_model.000.02.det_cont.csv,f_min.final_model.000.14.det_cont.csv,{'19 S', '6 R', '96 A', '20 A', '113 K', '17 G', '12 R', '3 S', '9 K', '97 V', '13 Y', '1 L', '93 Q', '94 A', '5 E', '16 D', '92 E', '95 R', '111 K', '91 E', '8 D', '2 T'}
f_min.final_model.000.03.det_cont.csv,f_min.final_model.000.00.det_cont.csv,{'37 E', '19 S', '160 L', '96 A', '20 A', '34 S', '17 G', '12 R', '9 K', '157 Q', '57 Q', '32 C', '22 R', '13 Y', '90 S', '1 L', '93 Q', '11 I', '5 E', '23 K', '15 L', '16 D', '161 R', '92 E', '35 S', '95 R', '56 F', '100 S', '14 I', '103 V', '8 D', '158 S', '33 E', '154 E', '153 K', '164 R', '150 R', '10 Q'}
f_min.final_model.000.03.det_cont.csv,f_min.final_model.000.01.det_cont.csv,{'100 S', '1 L', '5 E', '165 Q', '103 V', '2 T', '9 K', '6 R', '96 A', '99 M', '95 R', '164 R', '13 Y', '10 Q', '60 F'}
f_min.final_model.000.03.det_cont.csv,f_min.final_model.000.02.det_cont.csv,{'1 L', '5 E', '165 Q', '103 V', '2 T', '9 K', '6 R', '99 M', '95 R', '164 R', '60 F'}
f_min.final_model.000.03.det_cont.csv,f_min.final_model.000.03.det_cont.csv,{'100 S', '1 L', '5 E', '165 Q', '103 V', '2 T', '6 R', '96 A', '99 M', '164 R', '13 Y', '10 Q', '60 F'}
f_min.final_model.000.03.det_cont.csv,f_min.final_model.000.04.det_cont.csv,{'19 S', '6 R', '96 A', '99 M', '20 A', '17 G', '12 R', '9 K', '97 V', '13 Y', '90 S', '1 L', '93 Q', '11 I', '5 E', '23 K', '15 L', '16 D', '92 E', '21 L', '95 R', '100 S', '103 V', '10 Q'}
f_min.final_model.000.03.det_cont.csv,f_min.final_model.000.05.det_cont.csv,{'6 R', '96 A', '99 M', '20 A', '17 G', '12 R', '9 K', '97 V', '13 Y', '1 L', '93 Q', '5 E', '16 D', '92 E', '95 R', '100 S', '14 I', '103 V', '2 T', '10 Q'}
f_min.final_model.000.03.det_cont.csv,f_min.final_model.000.06.det_cont.csv,{'19 S', '6 R', '96 A', '99 M', '20 A', '17 G', '12 R', '9 K', '97 V', '13 Y', '90 S', '1 L', '93 Q', '5 E', '23 K', '15 L', '16 D', '92 E', '95 R', '100 S', '14 I', '103 V', '8 D', '2 T', '10 Q'}
f_min.final_model.000.03.det_cont.csv,f_min.final_model.000.07.det_cont.csv,{'19 S', '160 L', '96 A', '99 M', '20 A', '36 K', '26 C', '34 S', '17 G', '12 R', '9 K', '157 Q', '57 Q', '32 C', '22 R', '13 Y', '90 S', '1 L', '93 Q', '11 I', '5 E', '23 K', '15 L', '16 D', '161 R', '92 E', '35 S', '95 R', '14 I', '8 D', '18 I', '33 E', '153 K', '164 R', '150 R'}
f_min.final_model.000.03.det_cont.csv,f_min.final_model.000.08.det_cont.csv,{'19 S', '160 L', '20 A', '26 C', '34 S', '17 G', '12 R', '9 K', '157 Q', '32 C', '97 V', '13 Y', '90 S', '93 Q', '5 E', '23 K', '15 L', '16 D', '161 R', '92 E', '21 L', '8 D', '18 I', '153 K', '164 R'}
f_min.final_model.000.03.det_cont.csv,f_min.final_model.000.09.det_cont.csv,{'37 E', '19 S', '160 L', '6 R', '34 S', '12 R', '9 K', '157 Q', '57 Q', '22 R', '13 Y', '1 L', '11 I', '5 E', '15 L', '16 D', '161 R', '35 S', '56 F', '60 F', '165 Q', '158 S', '8 D', '33 E', '2 T', '153 K', '164 R'}
f_min.final_model.000.03.det_cont.csv,f_min.final_model.000.10.det_cont.csv,{'58 S', '51 E', '37 E', '160 L', '55 C', '36 K', '34 S', '12 R', '9 K', '157 Q', '57 Q', '22 R', '1 L', '11 I', '5 E', '15 L', '161 R', '35 S', '56 F', '60 F', '165 Q', '158 S', '8 D', '2 T', '154 E', '153 K', '164 R', '150 R'}
f_min.final_model.000.03.det_cont.csv,f_min.final_model.000.11.det_cont.csv,{'58 S', '51 E', '37 E', '6 R', '36 K', '34 S', '9 K', '157 Q', '57 Q', '1 L', '5 E', '161 R', '35 S', '56 F', '60 F', '165 Q', '158 S', '8 D', '2 T', '154 E', '153 K', '164 R', '150 R'}
f_min.final_model.000.03.det_cont.csv,f_min.final_model.000.12.det_cont.csv,{'95 R', '99 M'}
f_min.final_model.000.03.det_cont.csv,f_min.final_model.000.13.det_cont.csv,{'19 S', '6 R', '96 A', '99 M', '20 A', '17 G', '12 R', '9 K', '97 V', '13 Y', '1 L', '93 Q', '5 E', '23 K', '16 D', '92 E', '95 R', '100 S', '103 V', '2 T', '10 Q'}
f_min.final_model.000.03.det_cont.csv,f_min.final_model.000.14.det_cont.csv,{'19 S', '160 L', '6 R', '96 A', '20 A', '17 G', '12 R', '9 K', '57 Q', '97 V', '22 R', '13 Y', '90 S', '1 L', '93 Q', '5 E', '23 K', '15 L', '16 D', '161 R', '92 E', '21 L', '95 R', '165 Q', '8 D', '18 I', '2 T', '164 R'}
f_min.final_model.000.04.det_cont.csv,f_min.final_model.000.00.det_cont.csv,{'19 S', '160 L', '96 A', '20 A', '17 G', '12 R', '9 K', '157 Q', '13 Y', '107 F', '1 L', '93 Q', '5 E', '15 L', '23 K', '16 D', '161 R', '92 E', '95 R', '100 S', '91 E', '8 D', '103 V', '164 R', '10 Q'}
f_min.final_model.000.04.det_cont.csv,f_min.final_model.000.01.det_cont.csv,{'107 F', '1 L', '100 S', '13 Y', '5 E', '102 K', '103 V', '6 R', '96 A', '99 M', '9 K', '110 K', '95 R', '164 R', '106 Q', '10 Q'}
f_min.final_model.000.04.det_cont.csv,f_min.final_model.000.02.det_cont.csv,{'107 F', '1 L', '5 E', '102 K', '103 V', '6 R', '99 M', '9 K', '110 K', '95 R', '164 R', '106 Q'}
f_min.final_model.000.04.det_cont.csv,f_min.final_model.000.03.det_cont.csv,{'107 F', '1 L', '100 S', '13 Y', '5 E', '102 K', '103 V', '6 R', '96 A', '99 M', '110 K', '164 R', '106 Q', '10 Q'}
f_min.final_model.000.04.det_cont.csv,f_min.final_model.000.04.det_cont.csv,{'102 K', '19 S', '6 R', '96 A', '84 Q', '99 M', '20 A', '106 Q', '17 G', '12 R', '9 K', '110 K', '13 Y', '107 F', '1 L', '93 Q', '5 E', '15 L', '23 K', '16 D', '92 E', '95 R', '100 S', '91 E', '103 V', '10 Q'}
f_min.final_model.000.04.det_cont.csv,f_min.final_model.000.05.det_cont.csv,{'102 K', '6 R', '96 A', '99 M', '20 A', '106 Q', '17 G', '12 R', '9 K', '110 K', '13 Y', '107 F', '1 L', '93 Q', '5 E', '16 D', '92 E', '95 R', '100 S', '91 E', '103 V', '10 Q'}
f_min.final_model.000.04.det_cont.csv,f_min.final_model.000.06.det_cont.csv,{'102 K', '19 S', '6 R', '96 A', '84 Q', '99 M', '20 A', '106 Q', '17 G', '12 R', '9 K', '110 K', '13 Y', '107 F', '1 L', '93 Q', '5 E', '15 L', '23 K', '16 D', '92 E', '95 R', '100 S', '8 D', '103 V', '10 Q'}
f_min.final_model.000.04.det_cont.csv,f_min.final_model.000.07.det_cont.csv,{'19 S', '160 L', '96 A', '99 M', '84 Q', '20 A', '17 G', '12 R', '9 K', '157 Q', '13 Y', '1 L', '93 Q', '94 A', '5 E', '15 L', '23 K', '16 D', '161 R', '92 E', '95 R', '91 E', '8 D', '164 R'}
f_min.final_model.000.04.det_cont.csv,f_min.final_model.000.08.det_cont.csv,{'93 Q', '91 E', '5 E', '15 L', '23 K', '19 S', '17 G', '16 D', '8 D', '12 R', '160 L', '161 R', '92 E', '9 K', '157 Q', '20 A', '164 R', '13 Y'}
f_min.final_model.000.04.det_cont.csv,f_min.final_model.000.09.det_cont.csv,{'1 L', '5 E', '15 L', '19 S', '16 D', '8 D', '12 R', '160 L', '161 R', '6 R', '9 K', '157 Q', '110 K', '164 R', '13 Y'}
f_min.final_model.000.04.det_cont.csv,f_min.final_model.000.10.det_cont.csv,{'1 L', '5 E', '15 L', '8 D', '12 R', '160 L', '161 R', '9 K', '157 Q', '164 R'}
f_min.final_model.000.04.det_cont.csv,f_min.final_model.000.11.det_cont.csv,{'1 L', '5 E', '8 D', '161 R', '9 K', '6 R', '157 Q', '164 R'}
f_min.final_model.000.04.det_cont.csv,f_min.final_model.000.12.det_cont.csv,{'91 E', '102 K', '84 Q', '99 M', '95 R'}
f_min.final_model.000.04.det_cont.csv,f_min.final_model.000.13.det_cont.csv,{'19 S', '6 R', '96 A', '99 M', '20 A', '17 G', '12 R', '9 K', '110 K', '13 Y', '107 F', '1 L', '93 Q', '5 E', '23 K', '16 D', '92 E', '95 R', '100 S', '103 V', '10 Q'}
f_min.final_model.000.04.det_cont.csv,f_min.final_model.000.14.det_cont.csv,{'19 S', '160 L', '6 R', '96 A', '20 A', '17 G', '12 R', '9 K', '13 Y', '1 L', '93 Q', '94 A', '5 E', '15 L', '23 K', '16 D', '161 R', '92 E', '95 R', '91 E', '8 D', '164 R'}
f_min.final_model.000.05.det_cont.csv,f_min.final_model.000.00.det_cont.csv,{'19 S', '96 A', '20 A', '34 S', '17 G', '12 R', '9 K', '32 C', '13 Y', '90 S', '107 F', '1 L', '93 Q', '11 I', '5 E', '23 K', '16 D', '92 E', '35 S', '95 R', '89 S', '100 S', '91 E', '8 D', '103 V', '33 E', '153 K', '10 Q'}
f_min.final_model.000.05.det_cont.csv,f_min.final_model.000.01.det_cont.csv,{'107 F', '1 L', '100 S', '5 E', '103 V', '7 I', '9 K', '6 R', '96 A', '99 M', '95 R', '13 Y', '10 Q'}
f_min.final_model.000.05.det_cont.csv,f_min.final_model.000.02.det_cont.csv,{'107 F', '1 L', '5 E', '103 V', '9 K', '6 R', '99 M', '95 R'}
f_min.final_model.000.05.det_cont.csv,f_min.final_model.000.03.det_cont.csv,{'107 F', '1 L', '100 S', '5 E', '103 V', '6 R', '96 A', '99 M', '13 Y', '10 Q'}
f_min.final_model.000.05.det_cont.csv,f_min.final_model.000.04.det_cont.csv,{'19 S', '6 R', '96 A', '99 M', '20 A', '17 G', '12 R', '9 K', '97 V', '7 I', '13 Y', '90 S', '107 F', '1 L', '93 Q', '11 I', '5 E', '23 K', '16 D', '92 E', '21 L', '95 R', '89 S', '100 S', '91 E', '103 V', '10 Q'}
f_min.final_model.000.05.det_cont.csv,f_min.final_model.000.05.det_cont.csv,{'6 R', '96 A', '99 M', '20 A', '17 G', '12 R', '9 K', '97 V', '13 Y', '107 F', '1 L', '93 Q', '5 E', '16 D', '92 E', '95 R', '100 S', '91 E', '103 V', '10 Q'}
f_min.final_model.000.05.det_cont.csv,f_min.final_model.000.06.det_cont.csv,{'19 S', '27 N', '6 R', '96 A', '99 M', '20 A', '17 G', '12 R', '9 K', '97 V', '13 Y', '90 S', '107 F', '1 L', '93 Q', '5 E', '23 K', '16 D', '92 E', '95 R', '100 S', '103 V', '8 D', '10 Q'}
f_min.final_model.000.05.det_cont.csv,f_min.final_model.000.07.det_cont.csv,{'30 N', '19 S', '27 N', '96 A', '99 M', '20 A', '36 K', '26 C', '34 S', '17 G', '12 R', '9 K', '32 C', '13 Y', '90 S', '1 L', '93 Q', '11 I', '5 E', '23 K', '16 D', '31 M', '92 E', '35 S', '95 R', '89 S', '91 E', '8 D', '33 E', '153 K'}
f_min.final_model.000.05.det_cont.csv,f_min.final_model.000.08.det_cont.csv,{'30 N', '19 S', '27 N', '87 F', '20 A', '28 K', '26 C', '34 S', '17 G', '12 R', '9 K', '32 C', '97 V', '13 Y', '90 S', '93 Q', '5 E', '24 E', '23 K', '16 D', '31 M', '92 E', '21 L', '89 S', '91 E', '8 D', '153 K'}
f_min.final_model.000.05.det_cont.csv,f_min.final_model.000.09.det_cont.csv,{'1 L', '11 I', '5 E', '19 S', '34 S', '16 D', '8 D', '12 R', '33 E', '6 R', '9 K', '35 S', '153 K', '13 Y'}
f_min.final_model.000.05.det_cont.csv,f_min.final_model.000.10.det_cont.csv,{'1 L', '11 I', '5 E', '34 S', '8 D', '12 R', '9 K', '35 S', '153 K', '36 K'}
f_min.final_model.000.05.det_cont.csv,f_min.final_model.000.11.det_cont.csv,{'1 L', '5 E', '34 S', '8 D', '6 R', '9 K', '35 S', '153 K', '36 K'}
f_min.final_model.000.05.det_cont.csv,f_min.final_model.000.12.det_cont.csv,{'95 R', '91 E', '99 M'}
f_min.final_model.000.05.det_cont.csv,f_min.final_model.000.13.det_cont.csv,{'19 S', '6 R', '96 A', '99 M', '20 A', '17 G', '12 R', '9 K', '97 V', '13 Y', '107 F', '1 L', '93 Q', '5 E', '23 K', '16 D', '92 E', '95 R', '100 S', '103 V', '10 Q'}
f_min.final_model.000.05.det_cont.csv,f_min.final_model.000.14.det_cont.csv,{'19 S', '27 N', '6 R', '96 A', '20 A', '28 K', '17 G', '12 R', '9 K', '97 V', '13 Y', '90 S', '1 L', '93 Q', '5 E', '24 E', '23 K', '16 D', '92 E', '21 L', '95 R', '89 S', '91 E', '8 D'}
f_min.final_model.000.06.det_cont.csv,f_min.final_model.000.00.det_cont.csv,{'19 S', '160 L', '96 A', '20 A', '17 G', '12 R', '9 K', '157 Q', '57 Q', '13 Y', '90 S', '1 L', '93 Q', '11 I', '5 E', '15 L', '23 K', '16 D', '161 R', '92 E', '89 S', '14 I', '8 D', '164 R', '10 Q'}
f_min.final_model.000.06.det_cont.csv,f_min.final_model.000.01.det_cont.csv,{'1 L', '4 S', '5 E', '165 Q', '3 S', '2 T', '6 R', '96 A', '9 K', '166 M', '164 R', '13 Y', '10 Q', '60 F'}
f_min.final_model.000.06.det_cont.csv,f_min.final_model.000.02.det_cont.csv,{'1 L', '4 S', '5 E', '165 Q', '3 S', '2 T', '9 K', '6 R', '166 M', '164 R', '60 F'}
f_min.final_model.000.06.det_cont.csv,f_min.final_model.000.03.det_cont.csv,{'1 L', '4 S', '5 E', '165 Q', '3 S', '2 T', '6 R', '96 A', '166 M', '164 R', '13 Y', '10 Q', '60 F'}
f_min.final_model.000.06.det_cont.csv,f_min.final_model.000.04.det_cont.csv,{'19 S', '6 R', '96 A', '20 A', '17 G', '12 R', '9 K', '13 Y', '90 S', '1 L', '93 Q', '11 I', '5 E', '15 L', '23 K', '16 D', '92 E', '21 L', '89 S', '10 Q'}
f_min.final_model.000.06.det_cont.csv,f_min.final_model.000.05.det_cont.csv,{'1 L', '93 Q', '5 E', '16 D', '17 G', '14 I', '12 R', '92 E', '2 T', '6 R', '96 A', '9 K', '20 A', '13 Y', '10 Q'}
f_min.final_model.000.06.det_cont.csv,f_min.final_model.000.06.det_cont.csv,{'19 S', '6 R', '96 A', '20 A', '17 G', '12 R', '9 K', '13 Y', '90 S', '1 L', '93 Q', '5 E', '15 L', '23 K', '16 D', '92 E', '14 I', '8 D', '2 T', '10 Q'}
f_min.final_model.000.06.det_cont.csv,f_min.final_model.000.07.det_cont.csv,{'19 S', '160 L', '96 A', '20 A', '17 G', '12 R', '9 K', '157 Q', '57 Q', '13 Y', '90 S', '1 L', '93 Q', '11 I', '5 E', '15 L', '23 K', '16 D', '161 R', '92 E', '89 S', '14 I', '8 D', '18 I', '164 R'}
f_min.final_model.000.06.det_cont.csv,f_min.final_model.000.08.det_cont.csv,{'19 S', '160 L', '20 A', '17 G', '12 R', '9 K', '157 Q', '13 Y', '90 S', '93 Q', '5 E', '15 L', '23 K', '16 D', '161 R', '92 E', '21 L', '89 S', '8 D', '18 I', '164 R'}
f_min.final_model.000.06.det_cont.csv,f_min.final_model.000.09.det_cont.csv,{'4 S', '19 S', '160 L', '6 R', '12 R', '3 S', '9 K', '157 Q', '57 Q', '13 Y', '1 L', '11 I', '5 E', '15 L', '16 D', '161 R', '166 M', '60 F', '165 Q', '8 D', '2 T', '164 R'}
f_min.final_model.000.06.det_cont.csv,f_min.final_model.000.10.det_cont.csv,{'1 L', '11 I', '4 S', '5 E', '15 L', '165 Q', '8 D', '12 R', '160 L', '161 R', '2 T', '9 K', '157 Q', '57 Q', '164 R', '60 F'}
f_min.final_model.000.06.det_cont.csv,f_min.final_model.000.11.det_cont.csv,{'1 L', '4 S', '5 E', '165 Q', '8 D', '161 R', '3 S', '2 T', '9 K', '6 R', '157 Q', '57 Q', '166 M', '164 R', '60 F'}
f_min.final_model.000.06.det_cont.csv,f_min.final_model.000.12.det_cont.csv,set()
f_min.final_model.000.06.det_cont.csv,f_min.final_model.000.13.det_cont.csv,{'1 L', '93 Q', '5 E', '23 K', '19 S', '17 G', '16 D', '12 R', '3 S', '92 E', '2 T', '6 R', '96 A', '9 K', '166 M', '20 A', '13 Y', '10 Q'}
f_min.final_model.000.06.det_cont.csv,f_min.final_model.000.14.det_cont.csv,{'4 S', '19 S', '160 L', '6 R', '96 A', '20 A', '17 G', '12 R', '3 S', '9 K', '57 Q', '13 Y', '90 S', '1 L', '93 Q', '5 E', '15 L', '23 K', '16 D', '161 R', '92 E', '166 M', '21 L', '89 S', '165 Q', '8 D', '18 I', '2 T', '164 R'}
f_min.final_model.000.07.det_cont.csv,f_min.final_model.000.00.det_cont.csv,{'37 E', '160 L', '34 S', '12 R', '48 K', '9 K', '157 Q', '57 Q', '1 L', '11 I', '5 E', '15 L', '16 D', '161 R', '35 S', '56 F', '158 S', '8 D', '33 E', '154 E', '153 K', '164 R', '150 R'}
f_min.final_model.000.07.det_cont.csv,f_min.final_model.000.01.det_cont.csv,{'1 L', '4 S', '5 E', '165 Q', '2 T', '9 K', '164 R', '60 F'}
f_min.final_model.000.07.det_cont.csv,f_min.final_model.000.02.det_cont.csv,{'1 L', '4 S', '5 E', '165 Q', '2 T', '9 K', '164 R', '60 F'}
f_min.final_model.000.07.det_cont.csv,f_min.final_model.000.03.det_cont.csv,{'1 L', '4 S', '5 E', '165 Q', '2 T', '164 R', '60 F'}
f_min.final_model.000.07.det_cont.csv,f_min.final_model.000.04.det_cont.csv,{'1 L', '11 I', '5 E', '15 L', '16 D', '12 R', '9 K'}
f_min.final_model.000.07.det_cont.csv,f_min.final_model.000.05.det_cont.csv,{'1 L', '5 E', '16 D', '12 R', '2 T', '9 K'}
f_min.final_model.000.07.det_cont.csv,f_min.final_model.000.06.det_cont.csv,{'1 L', '15 L', '5 E', '16 D', '8 D', '12 R', '2 T', '9 K'}
f_min.final_model.000.07.det_cont.csv,f_min.final_model.000.07.det_cont.csv,{'160 L', '36 K', '34 S', '12 R', '9 K', '157 Q', '57 Q', '1 L', '11 I', '5 E', '15 L', '16 D', '161 R', '35 S', '8 D', '33 E', '153 K', '164 R', '150 R'}
f_min.final_model.000.07.det_cont.csv,f_min.final_model.000.08.det_cont.csv,{'5 E', '15 L', '34 S', '16 D', '8 D', '12 R', '160 L', '161 R', '9 K', '157 Q', '153 K', '164 R'}
f_min.final_model.000.07.det_cont.csv,f_min.final_model.000.09.det_cont.csv,{'4 S', '37 E', '160 L', '34 S', '12 R', '9 K', '157 Q', '57 Q', '1 L', '11 I', '5 E', '15 L', '16 D', '161 R', '35 S', '56 F', '60 F', '165 Q', '158 S', '8 D', '33 E', '2 T', '153 K', '164 R'}
f_min.final_model.000.07.det_cont.csv,f_min.final_model.000.10.det_cont.csv,{'58 S', '4 S', '51 E', '37 E', '49 M', '160 L', '59 G', '36 K', '150 R', '34 S', '12 R', '48 K', '9 K', '157 Q', '57 Q', '1 L', '11 I', '5 E', '15 L', '161 R', '35 S', '52 K', '56 F', '60 F', '165 Q', '158 S', '8 D', '2 T', '154 E', '153 K', '164 R', '50 A'}
f_min.final_model.000.07.det_cont.csv,f_min.final_model.000.11.det_cont.csv,{'58 S', '4 S', '51 E', '37 E', '49 M', '59 G', '36 K', '150 R', '34 S', '48 K', '9 K', '157 Q', '57 Q', '1 L', '5 E', '161 R', '35 S', '56 F', '60 F', '165 Q', '158 S', '8 D', '2 T', '154 E', '153 K', '164 R', '50 A'}
f_min.final_model.000.07.det_cont.csv,f_min.final_model.000.12.det_cont.csv,set()
f_min.final_model.000.07.det_cont.csv,f_min.final_model.000.13.det_cont.csv,{'1 L', '5 E', '16 D', '12 R', '2 T', '9 K'}
f_min.final_model.000.07.det_cont.csv,f_min.final_model.000.14.det_cont.csv,{'1 L', '4 S', '5 E', '15 L', '165 Q', '16 D', '8 D', '12 R', '160 L', '161 R', '2 T', '9 K', '57 Q', '164 R'}
f_min.final_model.000.08.det_cont.csv,f_min.final_model.000.00.det_cont.csv,{'19 S', '96 A', '20 A', '17 G', '12 R', '9 K', '13 Y', '22 R', '90 S', '107 F', '1 L', '93 Q', '5 E', '15 L', '23 K', '16 D', '92 E', '95 R', '89 S', '100 S', '91 E', '8 D', '103 V', '10 Q'}
f_min.final_model.000.08.det_cont.csv,f_min.final_model.000.01.det_cont.csv,{'107 F', '1 L', '100 S', '13 Y', '5 E', '102 K', '103 V', '3 S', '2 T', '6 R', '96 A', '99 M', '9 K', '110 K', '95 R', '106 Q', '10 Q'}
f_min.final_model.000.08.det_cont.csv,f_min.final_model.000.02.det_cont.csv,{'107 F', '1 L', '5 E', '102 K', '103 V', '3 S', '2 T', '6 R', '99 M', '9 K', '110 K', '95 R', '106 Q'}
f_min.final_model.000.08.det_cont.csv,f_min.final_model.000.03.det_cont.csv,{'107 F', '1 L', '100 S', '13 Y', '5 E', '102 K', '103 V', '3 S', '2 T', '6 R', '96 A', '99 M', '110 K', '106 Q', '10 Q'}
f_min.final_model.000.08.det_cont.csv,f_min.final_model.000.04.det_cont.csv,{'102 K', '19 S', '98 Q', '6 R', '96 A', '99 M', '20 A', '106 Q', '17 G', '12 R', '9 K', '110 K', '97 V', '13 Y', '90 S', '107 F', '1 L', '93 Q', '5 E', '15 L', '23 K', '16 D', '92 E', '95 R', '89 S', '100 S', '91 E', '103 V', '10 Q'}
f_min.final_model.000.08.det_cont.csv,f_min.final_model.000.05.det_cont.csv,{'102 K', '6 R', '96 A', '99 M', '20 A', '106 Q', '17 G', '12 R', '9 K', '110 K', '97 V', '13 Y', '107 F', '1 L', '93 Q', '5 E', '16 D', '92 E', '95 R', '100 S', '91 E', '103 V', '2 T', '10 Q'}
f_min.final_model.000.08.det_cont.csv,f_min.final_model.000.06.det_cont.csv,{'102 K', '27 N', '19 S', '98 Q', '6 R', '96 A', '99 M', '20 A', '106 Q', '17 G', '12 R', '9 K', '110 K', '97 V', '13 Y', '90 S', '107 F', '1 L', '93 Q', '5 E', '15 L', '23 K', '16 D', '92 E', '95 R', '100 S', '8 D', '103 V', '2 T', '10 Q'}
f_min.final_model.000.08.det_cont.csv,f_min.final_model.000.07.det_cont.csv,{'19 S', '27 N', '96 A', '99 M', '20 A', '17 G', '12 R', '9 K', '13 Y', '22 R', '90 S', '1 L', '93 Q', '5 E', '15 L', '23 K', '16 D', '92 E', '95 R', '89 S', '91 E', '8 D'}
f_min.final_model.000.08.det_cont.csv,f_min.final_model.000.08.det_cont.csv,{'89 S', '93 Q', '91 E', '5 E', '15 L', '23 K', '19 S', '27 N', '17 G', '16 D', '8 D', '12 R', '92 E', '9 K', '20 A', '97 V', '13 Y', '90 S'}
f_min.final_model.000.08.det_cont.csv,f_min.final_model.000.09.det_cont.csv,{'1 L', '13 Y', '5 E', '15 L', '19 S', '16 D', '8 D', '12 R', '3 S', '2 T', '6 R', '9 K', '110 K', '22 R'}
f_min.final_model.000.08.det_cont.csv,f_min.final_model.000.10.det_cont.csv,{'1 L', '5 E', '15 L', '8 D', '12 R', '2 T', '9 K', '22 R'}
f_min.final_model.000.08.det_cont.csv,f_min.final_model.000.11.det_cont.csv,{'1 L', '5 E', '8 D', '3 S', '2 T', '9 K', '6 R'}
f_min.final_model.000.08.det_cont.csv,f_min.final_model.000.12.det_cont.csv,{'91 E', '102 K', '98 Q', '99 M', '95 R'}
f_min.final_model.000.08.det_cont.csv,f_min.final_model.000.13.det_cont.csv,{'19 S', '98 Q', '6 R', '96 A', '99 M', '20 A', '17 G', '12 R', '3 S', '9 K', '110 K', '97 V', '13 Y', '107 F', '1 L', '93 Q', '5 E', '23 K', '16 D', '92 E', '95 R', '100 S', '103 V', '2 T', '10 Q'}
f_min.final_model.000.08.det_cont.csv,f_min.final_model.000.14.det_cont.csv,{'19 S', '27 N', '6 R', '96 A', '20 A', '17 G', '12 R', '3 S', '9 K', '97 V', '13 Y', '22 R', '90 S', '1 L', '93 Q', '5 E', '15 L', '23 K', '16 D', '92 E', '95 R', '89 S', '91 E', '8 D', '2 T'}
f_min.final_model.000.09.det_cont.csv,f_min.final_model.000.00.det_cont.csv,{'37 E', '19 S', '160 L', '20 A', '34 S', '17 G', '12 R', '48 K', '9 K', '157 Q', '57 Q', '32 C', '22 R', '13 Y', '93 Q', '11 I', '5 E', '15 L', '23 K', '16 D', '161 R', '35 S', '56 F', '158 S', '8 D', '33 E', '154 E', '153 K', '164 R', '150 R'}
f_min.final_model.000.09.det_cont.csv,f_min.final_model.000.01.det_cont.csv,{'5 E', '165 Q', '9 K', '164 R', '13 Y', '60 F'}
f_min.final_model.000.09.det_cont.csv,f_min.final_model.000.02.det_cont.csv,{'5 E', '165 Q', '9 K', '164 R', '60 F'}
f_min.final_model.000.09.det_cont.csv,f_min.final_model.000.03.det_cont.csv,{'5 E', '165 Q', '164 R', '13 Y', '60 F'}
f_min.final_model.000.09.det_cont.csv,f_min.final_model.000.04.det_cont.csv,{'93 Q', '11 I', '5 E', '15 L', '23 K', '19 S', '17 G', '16 D', '12 R', '9 K', '20 A', '13 Y'}
f_min.final_model.000.09.det_cont.csv,f_min.final_model.000.05.det_cont.csv,{'93 Q', '5 E', '16 D', '17 G', '12 R', '9 K', '20 A', '13 Y'}
f_min.final_model.000.09.det_cont.csv,f_min.final_model.000.06.det_cont.csv,{'93 Q', '5 E', '23 K', '15 L', '19 S', '27 N', '17 G', '16 D', '8 D', '12 R', '9 K', '20 A', '13 Y'}
f_min.final_model.000.09.det_cont.csv,f_min.final_model.000.07.det_cont.csv,{'19 S', '27 N', '160 L', '20 A', '36 K', '26 C', '34 S', '17 G', '12 R', '9 K', '157 Q', '57 Q', '32 C', '22 R', '13 Y', '93 Q', '11 I', '5 E', '15 L', '23 K', '16 D', '161 R', '35 S', '8 D', '18 I', '33 E', '153 K', '164 R', '150 R'}
f_min.final_model.000.09.det_cont.csv,f_min.final_model.000.08.det_cont.csv,{'19 S', '27 N', '160 L', '20 A', '26 C', '34 S', '17 G', '12 R', '9 K', '157 Q', '32 C', '13 Y', '93 Q', '5 E', '24 E', '23 K', '16 D', '15 L', '161 R', '8 D', '18 I', '153 K', '164 R'}
f_min.final_model.000.09.det_cont.csv,f_min.final_model.000.09.det_cont.csv,{'37 E', '19 S', '160 L', '34 S', '12 R', '9 K', '157 Q', '57 Q', '22 R', '13 Y', '11 I', '5 E', '15 L', '16 D', '161 R', '35 S', '56 F', '60 F', '165 Q', '158 S', '8 D', '33 E', '153 K', '164 R'}
f_min.final_model.000.09.det_cont.csv,f_min.final_model.000.10.det_cont.csv,{'58 S', '51 E', '37 E', '160 L', '59 G', '55 C', '36 K', '34 S', '12 R', '48 K', '9 K', '157 Q', '57 Q', '22 R', '11 I', '5 E', '15 L', '161 R', '35 S', '56 F', '60 F', '146 H', '165 Q', '158 S', '8 D', '154 E', '153 K', '164 R', '150 R'}
f_min.final_model.000.09.det_cont.csv,f_min.final_model.000.11.det_cont.csv,{'58 S', '51 E', '37 E', '59 G', '36 K', '34 S', '48 K', '9 K', '157 Q', '57 Q', '5 E', '161 R', '35 S', '56 F', '60 F', '165 Q', '158 S', '8 D', '154 E', '153 K', '164 R', '150 R'}
f_min.final_model.000.09.det_cont.csv,f_min.final_model.000.12.det_cont.csv,set()
f_min.final_model.000.09.det_cont.csv,f_min.final_model.000.13.det_cont.csv,{'93 Q', '5 E', '23 K', '19 S', '17 G', '16 D', '12 R', '9 K', '20 A', '13 Y'}
f_min.final_model.000.09.det_cont.csv,f_min.final_model.000.14.det_cont.csv,{'19 S', '27 N', '160 L', '20 A', '17 G', '12 R', '9 K', '57 Q', '22 R', '13 Y', '93 Q', '5 E', '15 L', '24 E', '16 D', '23 K', '161 R', '165 Q', '8 D', '18 I', '164 R'}
f_min.final_model.000.10.det_cont.csv,f_min.final_model.000.00.det_cont.csv,{'107 F', '1 L', '100 S', '11 I', '5 E', '16 D', '17 G', '14 I', '8 D', '103 V', '12 R', '9 K', '96 A', '13 Y', '10 Q'}
f_min.final_model.000.10.det_cont.csv,f_min.final_model.000.01.det_cont.csv,{'4 S', '6 R', '96 A', '99 M', '106 Q', '113 K', '109 Q', '3 S', '9 K', '110 K', '114 N', '13 Y', '107 F', '1 L', '5 E', '166 M', '100 S', '111 K', '103 V', '62 E', '2 T', '115 L', '10 Q'}
f_min.final_model.000.10.det_cont.csv,f_min.final_model.000.02.det_cont.csv,{'4 S', '6 R', '99 M', '106 Q', '113 K', '109 Q', '3 S', '9 K', '112 A', '110 K', '114 N', '107 F', '1 L', '5 E', '166 M', '111 K', '103 V', '62 E', '2 T', '115 L'}
f_min.final_model.000.10.det_cont.csv,f_min.final_model.000.03.det_cont.csv,{'4 S', '6 R', '96 A', '99 M', '106 Q', '113 K', '109 Q', '3 S', '112 A', '110 K', '114 N', '13 Y', '107 F', '1 L', '5 E', '166 M', '100 S', '111 K', '103 V', '62 E', '2 T', '115 L', '10 Q'}
f_min.final_model.000.10.det_cont.csv,f_min.final_model.000.04.det_cont.csv,{'107 F', '1 L', '100 S', '11 I', '13 Y', '5 E', '109 Q', '16 D', '17 G', '103 V', '12 R', '6 R', '96 A', '99 M', '9 K', '110 K', '106 Q', '10 Q'}
f_min.final_model.000.10.det_cont.csv,f_min.final_model.000.05.det_cont.csv,{'6 R', '96 A', '99 M', '106 Q', '113 K', '109 Q', '17 G', '12 R', '9 K', '112 A', '110 K', '114 N', '13 Y', '107 F', '1 L', '5 E', '16 D', '116 D', '100 S', '111 K', '14 I', '103 V', '2 T', '115 L', '10 Q'}
f_min.final_model.000.10.det_cont.csv,f_min.final_model.000.06.det_cont.csv,{'6 R', '96 A', '99 M', '106 Q', '109 Q', '17 G', '12 R', '9 K', '110 K', '13 Y', '107 F', '1 L', '5 E', '16 D', '100 S', '14 I', '8 D', '103 V', '2 T', '10 Q'}
f_min.final_model.000.10.det_cont.csv,f_min.final_model.000.07.det_cont.csv,{'1 L', '11 I', '5 E', '16 D', '17 G', '14 I', '8 D', '12 R', '9 K', '96 A', '99 M', '13 Y'}
f_min.final_model.000.10.det_cont.csv,f_min.final_model.000.08.det_cont.csv,{'5 E', '16 D', '17 G', '8 D', '12 R', '9 K', '13 Y'}
f_min.final_model.000.10.det_cont.csv,f_min.final_model.000.09.det_cont.csv,{'1 L', '111 K', '11 I', '4 S', '113 K', '5 E', '16 D', '8 D', '12 R', '3 S', '2 T', '6 R', '9 K', '166 M', '110 K', '114 N', '13 Y'}
f_min.final_model.000.10.det_cont.csv,f_min.final_model.000.10.det_cont.csv,{'1 L', '11 I', '4 S', '5 E', '8 D', '12 R', '2 T', '9 K'}
f_min.final_model.000.10.det_cont.csv,f_min.final_model.000.11.det_cont.csv,{'1 L', '111 K', '4 S', '113 K', '5 E', '8 D', '3 S', '62 E', '2 T', '9 K', '6 R', '166 M', '114 N'}
f_min.final_model.000.10.det_cont.csv,f_min.final_model.000.12.det_cont.csv,{'99 M'}
f_min.final_model.000.10.det_cont.csv,f_min.final_model.000.13.det_cont.csv,{'6 R', '96 A', '99 M', '113 K', '109 Q', '17 G', '12 R', '3 S', '9 K', '112 A', '110 K', '114 N', '13 Y', '107 F', '1 L', '5 E', '16 D', '166 M', '100 S', '111 K', '103 V', '62 E', '2 T', '10 Q'}
f_min.final_model.000.10.det_cont.csv,f_min.final_model.000.14.det_cont.csv,{'1 L', '111 K', '4 S', '113 K', '5 E', '16 D', '17 G', '8 D', '12 R', '3 S', '62 E', '2 T', '6 R', '96 A', '9 K', '166 M', '13 Y'}
f_min.final_model.000.11.det_cont.csv,f_min.final_model.000.00.det_cont.csv,{'19 S', '96 A', '20 A', '17 G', '12 R', '9 K', '13 Y', '90 S', '107 F', '1 L', '93 Q', '5 E', '23 K', '16 D', '92 E', '95 R', '89 S', '100 S', '91 E', '14 I', '103 V', '10 Q'}
f_min.final_model.000.11.det_cont.csv,f_min.final_model.000.01.det_cont.csv,{'6 R', '96 A', '99 M', '106 Q', '113 K', '109 Q', '3 S', '9 K', '110 K', '114 N', '13 Y', '107 F', '1 L', '5 E', '95 R', '100 S', '111 K', '103 V', '2 T', '115 L', '10 Q'}
f_min.final_model.000.11.det_cont.csv,f_min.final_model.000.02.det_cont.csv,{'6 R', '99 M', '106 Q', '113 K', '109 Q', '3 S', '9 K', '112 A', '110 K', '114 N', '107 F', '1 L', '5 E', '95 R', '111 K', '103 V', '105 I', '2 T', '115 L', '117 A'}
f_min.final_model.000.11.det_cont.csv,f_min.final_model.000.03.det_cont.csv,{'6 R', '96 A', '99 M', '106 Q', '113 K', '109 Q', '3 S', '112 A', '110 K', '114 N', '13 Y', '107 F', '1 L', '5 E', '100 S', '111 K', '103 V', '2 T', '115 L', '10 Q'}
f_min.final_model.000.11.det_cont.csv,f_min.final_model.000.04.det_cont.csv,{'19 S', '6 R', '96 A', '99 M', '20 A', '106 Q', '101 T', '109 Q', '17 G', '12 R', '9 K', '110 K', '97 V', '13 Y', '90 S', '107 F', '1 L', '93 Q', '5 E', '23 K', '16 D', '92 E', '21 L', '95 R', '89 S', '100 S', '91 E', '103 V', '105 I', '10 Q'}
f_min.final_model.000.11.det_cont.csv,f_min.final_model.000.05.det_cont.csv,{'6 R', '96 A', '99 M', '108 L', '20 A', '106 Q', '113 K', '109 Q', '118 I', '17 G', '12 R', '9 K', '112 A', '110 K', '114 N', '97 V', '13 Y', '107 F', '1 L', '93 Q', '5 E', '16 D', '92 E', '95 R', '116 D', '100 S', '111 K', '91 E', '14 I', '103 V', '2 T', '115 L', '10 Q', '117 A'}
f_min.final_model.000.11.det_cont.csv,f_min.final_model.000.06.det_cont.csv,{'19 S', '6 R', '96 A', '99 M', '20 A', '106 Q', '109 Q', '17 G', '12 R', '9 K', '110 K', '97 V', '13 Y', '90 S', '107 F', '1 L', '93 Q', '5 E', '23 K', '16 D', '92 E', '95 R', '100 S', '14 I', '103 V', '105 I', '2 T', '10 Q'}
f_min.final_model.000.11.det_cont.csv,f_min.final_model.000.07.det_cont.csv,{'19 S', '96 A', '99 M', '20 A', '17 G', '12 R', '9 K', '13 Y', '90 S', '1 L', '93 Q', '5 E', '23 K', '16 D', '92 E', '95 R', '89 S', '91 E', '14 I', '18 I'}
f_min.final_model.000.11.det_cont.csv,f_min.final_model.000.08.det_cont.csv,{'89 S', '93 Q', '91 E', '5 E', '23 K', '19 S', '17 G', '16 D', '18 I', '12 R', '92 E', '9 K', '21 L', '20 A', '97 V', '13 Y', '90 S'}
f_min.final_model.000.11.det_cont.csv,f_min.final_model.000.09.det_cont.csv,{'1 L', '111 K', '113 K', '5 E', '19 S', '16 D', '12 R', '3 S', '2 T', '6 R', '9 K', '110 K', '114 N', '13 Y'}
f_min.final_model.000.11.det_cont.csv,f_min.final_model.000.10.det_cont.csv,{'1 L', '5 E', '12 R', '2 T', '9 K'}
f_min.final_model.000.11.det_cont.csv,f_min.final_model.000.11.det_cont.csv,{'1 L', '111 K', '113 K', '5 E', '3 S', '2 T', '9 K', '6 R', '114 N'}
f_min.final_model.000.11.det_cont.csv,f_min.final_model.000.12.det_cont.csv,{'95 R', '91 E', '99 M'}
f_min.final_model.000.11.det_cont.csv,f_min.final_model.000.13.det_cont.csv,{'19 S', '6 R', '96 A', '99 M', '20 A', '101 T', '113 K', '109 Q', '17 G', '12 R', '3 S', '9 K', '112 A', '110 K', '114 N', '97 V', '13 Y', '107 F', '1 L', '93 Q', '5 E', '23 K', '16 D', '92 E', '95 R', '100 S', '111 K', '103 V', '2 T', '10 Q'}
f_min.final_model.000.11.det_cont.csv,f_min.final_model.000.14.det_cont.csv,{'19 S', '6 R', '96 A', '20 A', '113 K', '17 G', '12 R', '3 S', '9 K', '97 V', '13 Y', '90 S', '1 L', '93 Q', '5 E', '23 K', '16 D', '92 E', '21 L', '95 R', '89 S', '111 K', '91 E', '18 I', '2 T'}
f_min.final_model.000.12.det_cont.csv,f_min.final_model.000.00.det_cont.csv,{'107 F', '1 L', '5 E', '103 V', '92 E', '9 K', '95 R', '10 Q'}
f_min.final_model.000.12.det_cont.csv,f_min.final_model.000.01.det_cont.csv,{'4 S', '63 E', '6 R', '99 M', '106 Q', '113 K', '109 Q', '3 S', '9 K', '110 K', '114 N', '61 N', '107 F', '1 L', '5 E', '166 M', '95 R', '111 K', '165 Q', '103 V', '62 E', '2 T', '115 L', '10 Q'}
f_min.final_model.000.12.det_cont.csv,f_min.final_model.000.02.det_cont.csv,{'4 S', '6 R', '99 M', '106 Q', '113 K', '109 Q', '3 S', '9 K', '112 A', '110 K', '114 N', '107 F', '1 L', '5 E', '166 M', '95 R', '111 K', '165 Q', '103 V', '62 E', '2 T', '115 L'}
f_min.final_model.000.12.det_cont.csv,f_min.final_model.000.03.det_cont.csv,{'4 S', '6 R', '99 M', '106 Q', '113 K', '109 Q', '3 S', '112 A', '110 K', '114 N', '107 F', '1 L', '5 E', '166 M', '111 K', '165 Q', '103 V', '62 E', '2 T', '115 L', '10 Q'}
f_min.final_model.000.12.det_cont.csv,f_min.final_model.000.04.det_cont.csv,{'107 F', '1 L', '5 E', '109 Q', '103 V', '92 E', '6 R', '99 M', '9 K', '110 K', '95 R', '106 Q', '10 Q'}
f_min.final_model.000.12.det_cont.csv,f_min.final_model.000.05.det_cont.csv,{'6 R', '99 M', '106 Q', '113 K', '109 Q', '9 K', '112 A', '110 K', '114 N', '107 F', '1 L', '5 E', '92 E', '95 R', '111 K', '103 V', '2 T', '115 L', '10 Q'}
f_min.final_model.000.12.det_cont.csv,f_min.final_model.000.06.det_cont.csv,{'107 F', '1 L', '5 E', '109 Q', '103 V', '92 E', '2 T', '6 R', '99 M', '9 K', '110 K', '95 R', '106 Q', '10 Q'}
f_min.final_model.000.12.det_cont.csv,f_min.final_model.000.07.det_cont.csv,{'1 L', '5 E', '92 E', '9 K', '99 M', '95 R'}
f_min.final_model.000.12.det_cont.csv,f_min.final_model.000.08.det_cont.csv,{'92 E', '9 K', '5 E'}
f_min.final_model.000.12.det_cont.csv,f_min.final_model.000.09.det_cont.csv,{'1 L', '111 K', '4 S', '113 K', '5 E', '165 Q', '3 S', '2 T', '9 K', '6 R', '166 M', '110 K', '114 N'}
f_min.final_model.000.12.det_cont.csv,f_min.final_model.000.10.det_cont.csv,{'1 L', '4 S', '5 E', '165 Q', '2 T', '9 K'}
f_min.final_model.000.12.det_cont.csv,f_min.final_model.000.11.det_cont.csv,{'1 L', '111 K', '4 S', '113 K', '5 E', '165 Q', '114 N', '3 S', '62 E', '2 T', '9 K', '6 R', '166 M', '61 N'}
f_min.final_model.000.12.det_cont.csv,f_min.final_model.000.12.det_cont.csv,{'95 R', '99 M'}
f_min.final_model.000.12.det_cont.csv,f_min.final_model.000.13.det_cont.csv,{'6 R', '99 M', '113 K', '109 Q', '3 S', '9 K', '112 A', '110 K', '114 N', '107 F', '1 L', '5 E', '92 E', '166 M', '95 R', '111 K', '103 V', '62 E', '2 T', '10 Q'}
f_min.final_model.000.12.det_cont.csv,f_min.final_model.000.14.det_cont.csv,{'1 L', '111 K', '4 S', '113 K', '5 E', '165 Q', '3 S', '92 E', '62 E', '9 K', '6 R', '166 M', '2 T', '95 R'}
f_min.final_model.000.13.det_cont.csv,f_min.final_model.000.00.det_cont.csv,{'107 F', '1 L', '93 Q', '100 S', '91 E', '5 E', '14 I', '103 V', '92 E', '9 K', '96 A', '95 R', '13 Y', '10 Q'}
f_min.final_model.000.13.det_cont.csv,f_min.final_model.000.01.det_cont.csv,{'102 K', '6 R', '96 A', '99 M', '106 Q', '113 K', '109 Q', '3 S', '9 K', '110 K', '114 N', '13 Y', '107 F', '1 L', '5 E', '95 R', '100 S', '103 V', '2 T', '115 L', '10 Q'}
f_min.final_model.000.13.det_cont.csv,f_min.final_model.000.02.det_cont.csv,{'102 K', '6 R', '99 M', '106 Q', '113 K', '109 Q', '120 T', '3 S', '9 K', '112 A', '110 K', '114 N', '107 F', '1 L', '5 E', '95 R', '103 V', '2 T', '115 L', '117 A'}
f_min.final_model.000.13.det_cont.csv,f_min.final_model.000.03.det_cont.csv,{'102 K', '6 R', '96 A', '99 M', '106 Q', '113 K', '109 Q', '3 S', '112 A', '110 K', '114 N', '13 Y', '107 F', '1 L', '5 E', '100 S', '103 V', '2 T', '115 L', '10 Q'}
f_min.final_model.000.13.det_cont.csv,f_min.final_model.000.04.det_cont.csv,{'102 K', '6 R', '96 A', '99 M', '106 Q', '109 Q', '9 K', '110 K', '97 V', '13 Y', '107 F', '1 L', '93 Q', '5 E', '92 E', '95 R', '100 S', '91 E', '103 V', '10 Q'}
f_min.final_model.000.13.det_cont.csv,f_min.final_model.000.05.det_cont.csv,{'102 K', '6 R', '96 A', '99 M', '106 Q', '113 K', '118 I', '109 Q', '120 T', '9 K', '112 A', '110 K', '114 N', '97 V', '13 Y', '107 F', '1 L', '93 Q', '5 E', '119 T', '92 E', '95 R', '116 D', '100 S', '91 E', '14 I', '103 V', '2 T', '115 L', '10 Q', '117 A'}
f_min.final_model.000.13.det_cont.csv,f_min.final_model.000.06.det_cont.csv,{'102 K', '6 R', '96 A', '99 M', '106 Q', '109 Q', '120 T', '9 K', '110 K', '97 V', '13 Y', '107 F', '1 L', '93 Q', '5 E', '92 E', '95 R', '100 S', '14 I', '103 V', '2 T', '10 Q'}
f_min.final_model.000.13.det_cont.csv,f_min.final_model.000.07.det_cont.csv,{'1 L', '93 Q', '91 E', '5 E', '14 I', '92 E', '9 K', '96 A', '99 M', '95 R', '13 Y'}
f_min.final_model.000.13.det_cont.csv,f_min.final_model.000.08.det_cont.csv,{'93 Q', '91 E', '5 E', '92 E', '9 K', '97 V', '13 Y'}
f_min.final_model.000.13.det_cont.csv,f_min.final_model.000.09.det_cont.csv,{'1 L', '113 K', '5 E', '3 S', '2 T', '9 K', '6 R', '110 K', '114 N', '13 Y'}
f_min.final_model.000.13.det_cont.csv,f_min.final_model.000.10.det_cont.csv,{'1 L', '2 T', '9 K', '5 E'}
f_min.final_model.000.13.det_cont.csv,f_min.final_model.000.11.det_cont.csv,{'1 L', '113 K', '5 E', '3 S', '2 T', '9 K', '6 R', '114 N'}
f_min.final_model.000.13.det_cont.csv,f_min.final_model.000.12.det_cont.csv,{'102 K', '91 E', '95 R', '99 M'}
f_min.final_model.000.13.det_cont.csv,f_min.final_model.000.13.det_cont.csv,{'6 R', '96 A', '99 M', '113 K', '109 Q', '3 S', '9 K', '112 A', '110 K', '114 N', '97 V', '13 Y', '107 F', '1 L', '93 Q', '5 E', '92 E', '95 R', '100 S', '103 V', '2 T', '10 Q'}
f_min.final_model.000.13.det_cont.csv,f_min.final_model.000.14.det_cont.csv,{'1 L', '93 Q', '91 E', '113 K', '5 E', '3 S', '92 E', '2 T', '9 K', '6 R', '96 A', '95 R', '97 V', '13 Y'}
f_min.final_model.000.14.det_cont.csv,f_min.final_model.000.00.det_cont.csv,{'19 S', '96 A', '20 A', '17 G', '12 R', '9 K', '157 Q', '13 Y', '90 S', '107 F', '1 L', '93 Q', '5 E', '15 L', '23 K', '16 D', '92 E', '95 R', '89 S', '100 S', '91 E', '14 I', '8 D', '103 V', '153 K', '10 Q'}
f_min.final_model.000.14.det_cont.csv,f_min.final_model.000.01.det_cont.csv,{'107 F', '1 L', '100 S', '13 Y', '5 E', '109 Q', '102 K', '103 V', '6 R', '96 A', '99 M', '9 K', '110 K', '95 R', '106 Q', '10 Q'}
f_min.final_model.000.14.det_cont.csv,f_min.final_model.000.02.det_cont.csv,{'74 L', '107 F', '1 L', '5 E', '109 Q', '102 K', '103 V', '105 I', '6 R', '99 M', '9 K', '110 K', '95 R', '106 Q'}
f_min.final_model.000.14.det_cont.csv,f_min.final_model.000.03.det_cont.csv,{'107 F', '1 L', '100 S', '13 Y', '5 E', '109 Q', '102 K', '103 V', '6 R', '96 A', '99 M', '110 K', '106 Q', '10 Q'}
f_min.final_model.000.14.det_cont.csv,f_min.final_model.000.04.det_cont.csv,{'102 K', '19 S', '6 R', '96 A', '84 Q', '99 M', '20 A', '106 Q', '101 T', '109 Q', '17 G', '12 R', '9 K', '110 K', '97 V', '13 Y', '90 S', '107 F', '1 L', '93 Q', '5 E', '15 L', '23 K', '16 D', '92 E', '21 L', '95 R', '89 S', '100 S', '91 E', '103 V', '105 I', '10 Q'}
f_min.final_model.000.14.det_cont.csv,f_min.final_model.000.05.det_cont.csv,{'74 L', '102 K', '6 R', '96 A', '99 M', '20 A', '106 Q', '109 Q', '17 G', '12 R', '9 K', '110 K', '97 V', '13 Y', '107 F', '1 L', '93 Q', '5 E', '16 D', '92 E', '95 R', '100 S', '91 E', '14 I', '103 V', '10 Q'}
f_min.final_model.000.14.det_cont.csv,f_min.final_model.000.06.det_cont.csv,{'74 L', '102 K', '27 N', '19 S', '6 R', '96 A', '84 Q', '99 M', '20 A', '106 Q', '109 Q', '17 G', '12 R', '9 K', '110 K', '97 V', '13 Y', '90 S', '107 F', '1 L', '93 Q', '5 E', '23 K', '15 L', '16 D', '92 E', '95 R', '100 S', '14 I', '103 V', '105 I', '8 D', '10 Q'}
f_min.final_model.000.14.det_cont.csv,f_min.final_model.000.07.det_cont.csv,{'19 S', '27 N', '96 A', '99 M', '84 Q', '20 A', '17 G', '12 R', '9 K', '157 Q', '13 Y', '90 S', '1 L', '93 Q', '5 E', '15 L', '23 K', '16 D', '92 E', '95 R', '89 S', '91 E', '14 I', '8 D', '18 I', '153 K'}
f_min.final_model.000.14.det_cont.csv,f_min.final_model.000.08.det_cont.csv,{'19 S', '27 N', '20 A', '17 G', '12 R', '9 K', '157 Q', '97 V', '13 Y', '90 S', '93 Q', '5 E', '24 E', '23 K', '16 D', '15 L', '92 E', '21 L', '89 S', '91 E', '8 D', '18 I', '153 K'}
f_min.final_model.000.14.det_cont.csv,f_min.final_model.000.09.det_cont.csv,{'1 L', '5 E', '15 L', '19 S', '16 D', '8 D', '12 R', '6 R', '157 Q', '9 K', '110 K', '153 K', '13 Y'}
f_min.final_model.000.14.det_cont.csv,f_min.final_model.000.10.det_cont.csv,{'1 L', '5 E', '15 L', '8 D', '12 R', '9 K', '157 Q', '153 K'}
f_min.final_model.000.14.det_cont.csv,f_min.final_model.000.11.det_cont.csv,{'1 L', '5 E', '8 D', '6 R', '9 K', '157 Q', '153 K'}
f_min.final_model.000.14.det_cont.csv,f_min.final_model.000.12.det_cont.csv,{'74 L', '91 E', '102 K', '84 Q', '99 M', '95 R'}
f_min.final_model.000.14.det_cont.csv,f_min.final_model.000.13.det_cont.csv,{'19 S', '6 R', '96 A', '99 M', '20 A', '101 T', '109 Q', '17 G', '12 R', '9 K', '110 K', '97 V', '13 Y', '107 F', '1 L', '93 Q', '5 E', '23 K', '16 D', '92 E', '95 R', '100 S', '103 V', '10 Q'}
f_min.final_model.000.14.det_cont.csv,f_min.final_model.000.14.det_cont.csv,{'19 S', '27 N', '6 R', '96 A', '20 A', '17 G', '12 R', '9 K', '97 V', '13 Y', '90 S', '1 L', '93 Q', '5 E', '15 L', '24 E', '16 D', '23 K', '92 E', '21 L', '95 R', '89 S', '91 E', '8 D', '18 I'}
