B10,B10,Common Epitopes,
f_min.final_model.000.00.det_cont.csv,f_min.final_model.000.00.det_cont.csv,{'37 E', '19 S', '160 L', '6 R', '96 A', '99 M', '20 A', '36 K', '34 S', '17 G', '12 R', '48 K', '9 K', '157 Q', '57 Q', '32 C', '22 R', '13 Y', '7 I', '90 S', '107 F', '1 L', '93 Q', '11 I', '5 E', '23 K', '15 L', '16 D', '161 R', '92 E', '35 S', '95 R', '56 F', '89 S', '100 S', '165 Q', '158 S', '103 V', '8 D', '14 I', '33 E', '154 E', '153 K', '164 R', '150 R', '10 Q'}
f_min.final_model.000.00.det_cont.csv,f_min.final_model.000.01.det_cont.csv,{'37 E', '160 L', '6 R', '36 K', '34 S', '12 R', '48 K', '9 K', '157 Q', '57 Q', '22 R', '1 L', '5 E', '161 R', '35 S', '56 F', '165 Q', '158 S', '8 D', '33 E', '154 E', '153 K', '164 R', '150 R'}
f_min.final_model.000.00.det_cont.csv,f_min.final_model.000.02.det_cont.csv,{'37 E', '160 L', '6 R', '34 S', '12 R', '48 K', '9 K', '157 Q', '57 Q', '1 L', '11 I', '5 E', '15 L', '16 D', '161 R', '35 S', '56 F', '165 Q', '158 S', '8 D', '154 E', '153 K', '164 R', '150 R'}
f_min.final_model.000.00.det_cont.csv,f_min.final_model.000.03.det_cont.csv,{'107 F', '1 L', '5 E', '165 Q', '103 V', '9 K', '6 R', '99 M', '164 R', '7 I'}
f_min.final_model.000.00.det_cont.csv,f_min.final_model.000.04.det_cont.csv,{'6 R', '96 A', '99 M', '20 A', '17 G', '9 K', '13 Y', '107 F', '1 L', '93 Q', '5 E', '16 D', '92 E', '95 R', '100 S', '165 Q', '14 I', '103 V', '164 R', '10 Q'}
f_min.final_model.000.00.det_cont.csv,f_min.final_model.000.05.det_cont.csv,{'1 L', '5 E', '15 L', '165 Q', '8 D', '12 R', '160 L', '161 R', '9 K', '157 Q', '57 Q', '164 R', '56 F'}
f_min.final_model.000.00.det_cont.csv,f_min.final_model.000.06.det_cont.csv,{'37 E', '19 S', '160 L', '96 A', '99 M', '20 A', '36 K', '34 S', '17 G', '12 R', '9 K', '157 Q', '57 Q', '32 C', '22 R', '13 Y', '90 S', '1 L', '93 Q', '5 E', '23 K', '15 L', '16 D', '161 R', '92 E', '35 S', '95 R', '56 F', '89 S', '158 S', '8 D', '33 E', '154 E', '153 K', '164 R', '150 R'}
f_min.final_model.000.00.det_cont.csv,f_min.final_model.000.07.det_cont.csv,{'6 R', '96 A', '99 M', '17 G', '12 R', '9 K', '13 Y', '107 F', '1 L', '93 Q', '5 E', '16 D', '92 E', '95 R', '100 S', '14 I', '103 V', '8 D', '10 Q'}
f_min.final_model.000.00.det_cont.csv,f_min.final_model.000.08.det_cont.csv,{'19 S', '160 L', '96 A', '99 M', '20 A', '17 G', '12 R', '9 K', '157 Q', '22 R', '13 Y', '90 S', '93 Q', '11 I', '5 E', '23 K', '15 L', '16 D', '92 E', '95 R', '89 S', '100 S', '14 I', '8 D', '153 K', '164 R', '10 Q'}
f_min.final_model.000.00.det_cont.csv,f_min.final_model.000.09.det_cont.csv,{'19 S', '6 R', '96 A', '99 M', '20 A', '17 G', '12 R', '9 K', '13 Y', '107 F', '1 L', '93 Q', '5 E', '23 K', '15 L', '16 D', '92 E', '95 R', '100 S', '14 I', '103 V', '8 D', '164 R', '10 Q'}
f_min.final_model.000.00.det_cont.csv,f_min.final_model.000.10.det_cont.csv,{'107 F', '1 L', '5 E', '103 V', '8 D', '12 R', '9 K', '6 R', '99 M', '13 Y', '10 Q'}
f_min.final_model.000.00.det_cont.csv,f_min.final_model.000.11.det_cont.csv,{'19 S', '96 A', '99 M', '20 A', '36 K', '34 S', '17 G', '12 R', '32 C', '22 R', '13 Y', '90 S', '93 Q', '15 L', '23 K', '16 D', '92 E', '35 S', '95 R', '89 S', '100 S', '33 E'}
f_min.final_model.000.00.det_cont.csv,f_min.final_model.000.12.det_cont.csv,{'19 S', '160 L', '96 A', '20 A', '17 G', '12 R', '9 K', '13 Y', '90 S', '1 L', '93 Q', '5 E', '23 K', '15 L', '16 D', '92 E', '89 S', '14 I', '8 D', '164 R'}
f_min.final_model.000.00.det_cont.csv,f_min.final_model.000.13.det_cont.csv,{'37 E', '19 S', '160 L', '96 A', '20 A', '36 K', '34 S', '17 G', '12 R', '48 K', '157 Q', '57 Q', '32 C', '22 R', '13 Y', '90 S', '93 Q', '11 I', '15 L', '23 K', '16 D', '161 R', '92 E', '35 S', '56 F', '89 S', '165 Q', '158 S', '8 D', '33 E', '154 E', '153 K', '164 R', '150 R'}
f_min.final_model.000.00.det_cont.csv,f_min.final_model.000.14.det_cont.csv,{'19 S', '160 L', '6 R', '96 A', '99 M', '20 A', '17 G', '12 R', '9 K', '13 Y', '90 S', '107 F', '1 L', '93 Q', '5 E', '23 K', '15 L', '16 D', '92 E', '95 R', '89 S', '100 S', '14 I', '103 V', '8 D', '164 R', '10 Q'}
f_min.final_model.000.01.det_cont.csv,f_min.final_model.000.00.det_cont.csv,{'37 E', '160 L', '6 R', '36 K', '34 S', '12 R', '48 K', '9 K', '157 Q', '57 Q', '22 R', '1 L', '5 E', '161 R', '35 S', '56 F', '165 Q', '158 S', '8 D', '33 E', '154 E', '153 K', '164 R', '150 R'}
f_min.final_model.000.01.det_cont.csv,f_min.final_model.000.01.det_cont.csv,{'58 S', '4 S', '51 E', '37 E', '49 M', '160 L', '59 G', '6 R', '36 K', '34 S', '39 L', '12 R', '3 S', '48 K', '50 A', '9 K', '157 Q', '57 Q', '22 R', '1 L', '5 E', '151 S', '161 R', '166 M', '35 S', '52 K', '56 F', '60 F', '111 K', '146 H', '165 Q', '158 S', '8 D', '33 E', '2 T', '38 A', '154 E', '153 K', '164 R', '150 R'}
f_min.final_model.000.01.det_cont.csv,f_min.final_model.000.02.det_cont.csv,{'58 S', '4 S', '51 E', '37 E', '49 M', '160 L', '59 G', '6 R', '34 S', '12 R', '3 S', '48 K', '9 K', '157 Q', '57 Q', '1 L', '5 E', '151 S', '161 R', '166 M', '35 S', '56 F', '60 F', '111 K', '165 Q', '158 S', '8 D', '2 T', '154 E', '153 K', '164 R', '150 R'}
f_min.final_model.000.01.det_cont.csv,f_min.final_model.000.03.det_cont.csv,{'1 L', '111 K', '4 S', '5 E', '165 Q', '3 S', '59 G', '9 K', '6 R', '166 M', '2 T', '164 R', '60 F'}
f_min.final_model.000.01.det_cont.csv,f_min.final_model.000.04.det_cont.csv,{'1 L', '111 K', '4 S', '5 E', '165 Q', '3 S', '2 T', '9 K', '6 R', '166 M', '164 R'}
f_min.final_model.000.01.det_cont.csv,f_min.final_model.000.05.det_cont.csv,{'58 S', '4 S', '160 L', '12 R', '3 S', '9 K', '157 Q', '57 Q', '1 L', '5 E', '161 R', '166 M', '56 F', '60 F', '111 K', '165 Q', '8 D', '2 T', '164 R'}
f_min.final_model.000.01.det_cont.csv,f_min.final_model.000.06.det_cont.csv,{'58 S', '51 E', '37 E', '160 L', '36 K', '34 S', '12 R', '9 K', '157 Q', '57 Q', '22 R', '1 L', '5 E', '161 R', '35 S', '56 F', '146 H', '158 S', '8 D', '33 E', '154 E', '153 K', '164 R', '150 R'}
f_min.final_model.000.01.det_cont.csv,f_min.final_model.000.07.det_cont.csv,{'1 L', '111 K', '5 E', '8 D', '12 R', '3 S', '2 T', '9 K', '6 R'}
f_min.final_model.000.01.det_cont.csv,f_min.final_model.000.08.det_cont.csv,{'5 E', '8 D', '12 R', '160 L', '9 K', '157 Q', '153 K', '164 R', '22 R'}
f_min.final_model.000.01.det_cont.csv,f_min.final_model.000.09.det_cont.csv,{'1 L', '5 E', '8 D', '12 R', '9 K', '6 R', '164 R'}
f_min.final_model.000.01.det_cont.csv,f_min.final_model.000.10.det_cont.csv,{'1 L', '111 K', '4 S', '5 E', '8 D', '12 R', '3 S', '2 T', '9 K', '6 R'}
f_min.final_model.000.01.det_cont.csv,f_min.final_model.000.11.det_cont.csv,{'34 S', '12 R', '33 E', '35 S', '36 K', '22 R'}
f_min.final_model.000.01.det_cont.csv,f_min.final_model.000.12.det_cont.csv,{'1 L', '5 E', '8 D', '12 R', '160 L', '9 K', '164 R'}
f_min.final_model.000.01.det_cont.csv,f_min.final_model.000.13.det_cont.csv,{'58 S', '51 E', '37 E', '49 M', '160 L', '36 K', '34 S', '12 R', '48 K', '50 A', '157 Q', '57 Q', '22 R', '151 S', '161 R', '35 S', '56 F', '165 Q', '158 S', '8 D', '33 E', '154 E', '153 K', '164 R', '150 R'}
f_min.final_model.000.01.det_cont.csv,f_min.final_model.000.14.det_cont.csv,{'1 L', '5 E', '8 D', '12 R', '160 L', '9 K', '6 R', '164 R'}
f_min.final_model.000.02.det_cont.csv,f_min.final_model.000.00.det_cont.csv,{'37 E', '160 L', '6 R', '34 S', '12 R', '48 K', '9 K', '157 Q', '57 Q', '1 L', '11 I', '5 E', '15 L', '16 D', '161 R', '35 S', '56 F', '165 Q', '158 S', '8 D', '154 E', '153 K', '164 R', '150 R'}
f_min.final_model.000.02.det_cont.csv,f_min.final_model.000.01.det_cont.csv,{'58 S', '4 S', '51 E', '37 E', '49 M', '160 L', '59 G', '6 R', '34 S', '12 R', '3 S', '48 K', '9 K', '157 Q', '57 Q', '1 L', '5 E', '151 S', '161 R', '166 M', '35 S', '56 F', '60 F', '111 K', '165 Q', '158 S', '8 D', '2 T', '154 E', '153 K', '164 R', '150 R'}
f_min.final_model.000.02.det_cont.csv,f_min.final_model.000.02.det_cont.csv,{'58 S', '4 S', '51 E', '37 E', '49 M', '160 L', '59 G', '6 R', '113 K', '155 F', '34 S', '12 R', '3 S', '48 K', '9 K', '157 Q', '110 K', '61 N', '114 N', '57 Q', '1 L', '163 L', '11 I', '5 E', '15 L', '16 D', '151 S', '161 R', '166 M', '35 S', '56 F', '60 F', '111 K', '162 A', '165 Q', '158 S', '8 D', '62 E', '2 T', '154 E', '153 K', '164 R', '150 R'}
f_min.final_model.000.02.det_cont.csv,f_min.final_model.000.03.det_cont.csv,{'4 S', '59 G', '6 R', '113 K', '3 S', '9 K', '110 K', '114 N', '61 N', '1 L', '163 L', '5 E', '166 M', '60 F', '111 K', '165 Q', '62 E', '2 T', '164 R'}
f_min.final_model.000.02.det_cont.csv,f_min.final_model.000.04.det_cont.csv,{'1 L', '163 L', '111 K', '4 S', '113 K', '5 E', '165 Q', '16 D', '3 S', '62 E', '2 T', '9 K', '6 R', '166 M', '110 K', '114 N', '164 R'}
f_min.final_model.000.02.det_cont.csv,f_min.final_model.000.05.det_cont.csv,{'58 S', '4 S', '160 L', '113 K', '12 R', '3 S', '9 K', '157 Q', '110 K', '114 N', '61 N', '57 Q', '1 L', '163 L', '5 E', '15 L', '161 R', '166 M', '56 F', '60 F', '111 K', '162 A', '165 Q', '8 D', '62 E', '2 T', '164 R'}
f_min.final_model.000.02.det_cont.csv,f_min.final_model.000.06.det_cont.csv,{'58 S', '51 E', '37 E', '160 L', '34 S', '12 R', '9 K', '157 Q', '57 Q', '1 L', '5 E', '15 L', '16 D', '161 R', '35 S', '56 F', '162 A', '158 S', '8 D', '154 E', '153 K', '164 R', '150 R'}
f_min.final_model.000.02.det_cont.csv,f_min.final_model.000.07.det_cont.csv,{'1 L', '111 K', '113 K', '5 E', '16 D', '8 D', '12 R', '3 S', '2 T', '9 K', '6 R', '110 K', '114 N'}
f_min.final_model.000.02.det_cont.csv,f_min.final_model.000.08.det_cont.csv,{'11 I', '5 E', '15 L', '16 D', '8 D', '12 R', '160 L', '9 K', '157 Q', '153 K', '164 R'}
f_min.final_model.000.02.det_cont.csv,f_min.final_model.000.09.det_cont.csv,{'1 L', '5 E', '15 L', '16 D', '8 D', '12 R', '9 K', '6 R', '110 K', '164 R'}
f_min.final_model.000.02.det_cont.csv,f_min.final_model.000.10.det_cont.csv,{'1 L', '111 K', '4 S', '113 K', '5 E', '8 D', '12 R', '3 S', '2 T', '6 R', '9 K', '110 K', '114 N'}
f_min.final_model.000.02.det_cont.csv,f_min.final_model.000.11.det_cont.csv,{'15 L', '16 D', '34 S', '12 R', '35 S'}
f_min.final_model.000.02.det_cont.csv,f_min.final_model.000.12.det_cont.csv,{'1 L', '5 E', '15 L', '16 D', '8 D', '12 R', '160 L', '9 K', '164 R'}
f_min.final_model.000.02.det_cont.csv,f_min.final_model.000.13.det_cont.csv,{'58 S', '51 E', '37 E', '49 M', '160 L', '155 F', '34 S', '12 R', '48 K', '157 Q', '57 Q', '11 I', '15 L', '16 D', '151 S', '161 R', '35 S', '56 F', '162 A', '165 Q', '158 S', '8 D', '154 E', '153 K', '164 R', '150 R'}
f_min.final_model.000.02.det_cont.csv,f_min.final_model.000.14.det_cont.csv,{'1 L', '5 E', '15 L', '16 D', '8 D', '12 R', '160 L', '9 K', '6 R', '110 K', '164 R'}
f_min.final_model.000.03.det_cont.csv,f_min.final_model.000.00.det_cont.csv,{'107 F', '1 L', '5 E', '165 Q', '103 V', '9 K', '6 R', '99 M', '164 R', '7 I'}
f_min.final_model.000.03.det_cont.csv,f_min.final_model.000.01.det_cont.csv,{'1 L', '111 K', '4 S', '5 E', '165 Q', '3 S', '59 G', '9 K', '6 R', '166 M', '2 T', '164 R', '60 F'}
f_min.final_model.000.03.det_cont.csv,f_min.final_model.000.02.det_cont.csv,{'4 S', '59 G', '6 R', '113 K', '3 S', '9 K', '110 K', '114 N', '61 N', '1 L', '163 L', '5 E', '166 M', '60 F', '111 K', '165 Q', '62 E', '2 T', '164 R'}
f_min.final_model.000.03.det_cont.csv,f_min.final_model.000.03.det_cont.csv,{'4 S', '66 L', '102 K', '63 E', '59 G', '6 R', '99 M', '106 Q', '113 K', '109 Q', '3 S', '9 K', '112 A', '110 K', '114 N', '61 N', '7 I', '107 F', '1 L', '163 L', '5 E', '166 M', '116 D', '60 F', '111 K', '165 Q', '103 V', '62 E', '2 T', '164 R', '115 L'}
f_min.final_model.000.03.det_cont.csv,f_min.final_model.000.04.det_cont.csv,{'4 S', '66 L', '102 K', '6 R', '99 M', '106 Q', '113 K', '109 Q', '3 S', '9 K', '112 A', '110 K', '114 N', '107 F', '1 L', '163 L', '5 E', '166 M', '111 K', '165 Q', '103 V', '62 E', '2 T', '164 R'}
f_min.final_model.000.03.det_cont.csv,f_min.final_model.000.05.det_cont.csv,{'4 S', '63 E', '113 K', '3 S', '9 K', '110 K', '114 N', '61 N', '1 L', '163 L', '5 E', '166 M', '116 D', '60 F', '111 K', '165 Q', '62 E', '2 T', '164 R', '115 L'}
f_min.final_model.000.03.det_cont.csv,f_min.final_model.000.06.det_cont.csv,{'1 L', '5 E', '9 K', '99 M', '164 R'}
f_min.final_model.000.03.det_cont.csv,f_min.final_model.000.07.det_cont.csv,{'102 K', '6 R', '99 M', '106 Q', '113 K', '109 Q', '3 S', '9 K', '112 A', '110 K', '114 N', '107 F', '1 L', '5 E', '116 D', '111 K', '103 V', '2 T', '115 L'}
f_min.final_model.000.03.det_cont.csv,f_min.final_model.000.08.det_cont.csv,{'164 R', '9 K', '99 M', '5 E'}
f_min.final_model.000.03.det_cont.csv,f_min.final_model.000.09.det_cont.csv,{'107 F', '1 L', '5 E', '102 K', '103 V', '6 R', '99 M', '9 K', '110 K', '164 R', '106 Q'}
f_min.final_model.000.03.det_cont.csv,f_min.final_model.000.10.det_cont.csv,{'4 S', '102 K', '6 R', '99 M', '106 Q', '113 K', '109 Q', '3 S', '9 K', '112 A', '110 K', '114 N', '107 F', '1 L', '5 E', '116 D', '111 K', '103 V', '2 T', '115 L'}
f_min.final_model.000.03.det_cont.csv,f_min.final_model.000.11.det_cont.csv,{'99 M'}
f_min.final_model.000.03.det_cont.csv,f_min.final_model.000.12.det_cont.csv,{'1 L', '164 R', '9 K', '5 E'}
f_min.final_model.000.03.det_cont.csv,f_min.final_model.000.13.det_cont.csv,{'164 R', '165 Q'}
f_min.final_model.000.03.det_cont.csv,f_min.final_model.000.14.det_cont.csv,{'107 F', '1 L', '5 E', '102 K', '103 V', '6 R', '99 M', '9 K', '110 K', '164 R', '106 Q'}
f_min.final_model.000.04.det_cont.csv,f_min.final_model.000.00.det_cont.csv,{'6 R', '96 A', '99 M', '20 A', '17 G', '9 K', '13 Y', '107 F', '1 L', '93 Q', '5 E', '16 D', '92 E', '95 R', '100 S', '165 Q', '14 I', '103 V', '164 R', '10 Q'}
f_min.final_model.000.04.det_cont.csv,f_min.final_model.000.01.det_cont.csv,{'1 L', '111 K', '4 S', '5 E', '165 Q', '3 S', '2 T', '9 K', '6 R', '166 M', '164 R'}
f_min.final_model.000.04.det_cont.csv,f_min.final_model.000.02.det_cont.csv,{'1 L', '163 L', '111 K', '4 S', '113 K', '5 E', '165 Q', '16 D', '3 S', '62 E', '2 T', '9 K', '6 R', '166 M', '110 K', '114 N', '164 R'}
f_min.final_model.000.04.det_cont.csv,f_min.final_model.000.03.det_cont.csv,{'4 S', '66 L', '102 K', '6 R', '99 M', '106 Q', '113 K', '109 Q', '3 S', '9 K', '112 A', '110 K', '114 N', '107 F', '1 L', '163 L', '5 E', '166 M', '111 K', '165 Q', '103 V', '62 E', '2 T', '164 R'}
f_min.final_model.000.04.det_cont.csv,f_min.final_model.000.04.det_cont.csv,{'4 S', '66 L', '102 K', '98 Q', '6 R', '96 A', '99 M', '20 A', '106 Q', '101 T', '113 K', '109 Q', '17 G', '3 S', '9 K', '112 A', '110 K', '114 N', '97 V', '13 Y', '107 F', '1 L', '93 Q', '163 L', '5 E', '16 D', '92 E', '166 M', '95 R', '100 S', '111 K', '165 Q', '14 I', '103 V', '62 E', '2 T', '164 R', '10 Q'}
f_min.final_model.000.04.det_cont.csv,f_min.final_model.000.05.det_cont.csv,{'1 L', '163 L', '111 K', '4 S', '113 K', '5 E', '165 Q', '3 S', '62 E', '2 T', '9 K', '166 M', '110 K', '114 N', '164 R'}
f_min.final_model.000.04.det_cont.csv,f_min.final_model.000.06.det_cont.csv,{'1 L', '93 Q', '5 E', '16 D', '17 G', '92 E', '9 K', '96 A', '99 M', '20 A', '95 R', '164 R', '13 Y'}
f_min.final_model.000.04.det_cont.csv,f_min.final_model.000.07.det_cont.csv,{'102 K', '98 Q', '6 R', '96 A', '99 M', '106 Q', '113 K', '109 Q', '17 G', '3 S', '9 K', '112 A', '110 K', '114 N', '13 Y', '107 F', '1 L', '93 Q', '5 E', '16 D', '92 E', '95 R', '100 S', '111 K', '14 I', '103 V', '2 T', '10 Q'}
f_min.final_model.000.04.det_cont.csv,f_min.final_model.000.08.det_cont.csv,{'100 S', '93 Q', '5 E', '16 D', '17 G', '14 I', '92 E', '164 R', '9 K', '96 A', '99 M', '20 A', '95 R', '97 V', '13 Y', '10 Q'}
f_min.final_model.000.04.det_cont.csv,f_min.final_model.000.09.det_cont.csv,{'102 K', '98 Q', '6 R', '96 A', '99 M', '20 A', '106 Q', '17 G', '9 K', '110 K', '97 V', '13 Y', '107 F', '1 L', '93 Q', '5 E', '16 D', '92 E', '95 R', '100 S', '14 I', '103 V', '164 R', '10 Q'}
f_min.final_model.000.04.det_cont.csv,f_min.final_model.000.10.det_cont.csv,{'4 S', '102 K', '6 R', '99 M', '106 Q', '113 K', '109 Q', '3 S', '9 K', '112 A', '110 K', '114 N', '13 Y', '107 F', '1 L', '5 E', '111 K', '103 V', '2 T', '10 Q'}
f_min.final_model.000.04.det_cont.csv,f_min.final_model.000.11.det_cont.csv,{'100 S', '93 Q', '16 D', '17 G', '92 E', '96 A', '99 M', '20 A', '95 R', '13 Y'}
f_min.final_model.000.04.det_cont.csv,f_min.final_model.000.12.det_cont.csv,{'1 L', '93 Q', '5 E', '16 D', '17 G', '14 I', '92 E', '164 R', '9 K', '96 A', '20 A', '97 V', '13 Y'}
f_min.final_model.000.04.det_cont.csv,f_min.final_model.000.13.det_cont.csv,{'93 Q', '165 Q', '16 D', '17 G', '92 E', '164 R', '96 A', '20 A', '97 V', '13 Y'}
f_min.final_model.000.04.det_cont.csv,f_min.final_model.000.14.det_cont.csv,{'102 K', '98 Q', '6 R', '96 A', '99 M', '20 A', '106 Q', '17 G', '9 K', '110 K', '97 V', '13 Y', '107 F', '1 L', '93 Q', '5 E', '16 D', '92 E', '95 R', '100 S', '14 I', '103 V', '164 R', '10 Q'}
f_min.final_model.000.05.det_cont.csv,f_min.final_model.000.00.det_cont.csv,{'1 L', '5 E', '15 L', '165 Q', '8 D', '12 R', '160 L', '161 R', '9 K', '157 Q', '57 Q', '164 R', '56 F'}
f_min.final_model.000.05.det_cont.csv,f_min.final_model.000.01.det_cont.csv,{'58 S', '4 S', '160 L', '12 R', '3 S', '9 K', '157 Q', '57 Q', '1 L', '5 E', '161 R', '166 M', '56 F', '60 F', '111 K', '165 Q', '8 D', '2 T', '164 R'}
f_min.final_model.000.05.det_cont.csv,f_min.final_model.000.02.det_cont.csv,{'58 S', '4 S', '160 L', '113 K', '12 R', '3 S', '9 K', '157 Q', '110 K', '114 N', '61 N', '57 Q', '1 L', '163 L', '5 E', '15 L', '161 R', '166 M', '56 F', '60 F', '111 K', '162 A', '165 Q', '8 D', '62 E', '2 T', '164 R'}
f_min.final_model.000.05.det_cont.csv,f_min.final_model.000.03.det_cont.csv,{'4 S', '63 E', '113 K', '3 S', '9 K', '110 K', '114 N', '61 N', '1 L', '163 L', '5 E', '166 M', '116 D', '60 F', '111 K', '165 Q', '62 E', '2 T', '164 R', '115 L'}
f_min.final_model.000.05.det_cont.csv,f_min.final_model.000.04.det_cont.csv,{'1 L', '163 L', '111 K', '4 S', '113 K', '5 E', '165 Q', '3 S', '62 E', '2 T', '9 K', '166 M', '110 K', '114 N', '164 R'}
f_min.final_model.000.05.det_cont.csv,f_min.final_model.000.05.det_cont.csv,{'58 S', '4 S', '63 E', '160 L', '54 G', '64 T', '113 K', '12 R', '3 S', '9 K', '157 Q', '110 K', '114 N', '61 N', '57 Q', '1 L', '163 L', '5 E', '15 L', '161 R', '166 M', '56 F', '116 D', '60 F', '111 K', '162 A', '165 Q', '8 D', '62 E', '2 T', '164 R', '115 L', '117 A'}
f_min.final_model.000.05.det_cont.csv,f_min.final_model.000.06.det_cont.csv,{'58 S', '1 L', '162 A', '5 E', '15 L', '8 D', '12 R', '160 L', '161 R', '9 K', '157 Q', '57 Q', '164 R', '56 F'}
f_min.final_model.000.05.det_cont.csv,f_min.final_model.000.07.det_cont.csv,{'1 L', '111 K', '113 K', '5 E', '8 D', '12 R', '3 S', '2 T', '9 K', '110 K', '114 N', '115 L', '116 D', '117 A'}
f_min.final_model.000.05.det_cont.csv,f_min.final_model.000.08.det_cont.csv,{'5 E', '15 L', '8 D', '12 R', '160 L', '9 K', '157 Q', '164 R'}
f_min.final_model.000.05.det_cont.csv,f_min.final_model.000.09.det_cont.csv,{'1 L', '5 E', '15 L', '8 D', '12 R', '9 K', '110 K', '164 R'}
f_min.final_model.000.05.det_cont.csv,f_min.final_model.000.10.det_cont.csv,{'1 L', '111 K', '4 S', '113 K', '5 E', '8 D', '12 R', '3 S', '2 T', '9 K', '110 K', '114 N', '115 L', '116 D', '117 A'}
f_min.final_model.000.05.det_cont.csv,f_min.final_model.000.11.det_cont.csv,{'15 L', '12 R'}
f_min.final_model.000.05.det_cont.csv,f_min.final_model.000.12.det_cont.csv,{'1 L', '5 E', '15 L', '8 D', '12 R', '160 L', '9 K', '164 R'}
f_min.final_model.000.05.det_cont.csv,f_min.final_model.000.13.det_cont.csv,{'58 S', '162 A', '15 L', '165 Q', '8 D', '12 R', '160 L', '161 R', '157 Q', '57 Q', '164 R', '56 F'}
f_min.final_model.000.05.det_cont.csv,f_min.final_model.000.14.det_cont.csv,{'1 L', '5 E', '15 L', '8 D', '12 R', '160 L', '9 K', '110 K', '164 R'}
f_min.final_model.000.06.det_cont.csv,f_min.final_model.000.00.det_cont.csv,{'37 E', '19 S', '160 L', '96 A', '99 M', '20 A', '36 K', '34 S', '17 G', '12 R', '9 K', '157 Q', '57 Q', '32 C', '22 R', '13 Y', '90 S', '1 L', '93 Q', '5 E', '23 K', '15 L', '16 D', '161 R', '92 E', '35 S', '95 R', '56 F', '89 S', '158 S', '8 D', '33 E', '154 E', '153 K', '164 R', '150 R'}
f_min.final_model.000.06.det_cont.csv,f_min.final_model.000.01.det_cont.csv,{'58 S', '51 E', '37 E', '160 L', '36 K', '34 S', '12 R', '9 K', '157 Q', '57 Q', '22 R', '1 L', '5 E', '161 R', '35 S', '56 F', '146 H', '158 S', '8 D', '33 E', '154 E', '153 K', '164 R', '150 R'}
f_min.final_model.000.06.det_cont.csv,f_min.final_model.000.02.det_cont.csv,{'58 S', '51 E', '37 E', '160 L', '34 S', '12 R', '9 K', '157 Q', '57 Q', '1 L', '5 E', '15 L', '16 D', '161 R', '35 S', '56 F', '162 A', '158 S', '8 D', '154 E', '153 K', '164 R', '150 R'}
f_min.final_model.000.06.det_cont.csv,f_min.final_model.000.03.det_cont.csv,{'1 L', '5 E', '9 K', '99 M', '164 R'}
f_min.final_model.000.06.det_cont.csv,f_min.final_model.000.04.det_cont.csv,{'1 L', '93 Q', '5 E', '16 D', '17 G', '92 E', '9 K', '96 A', '99 M', '20 A', '95 R', '164 R', '13 Y'}
f_min.final_model.000.06.det_cont.csv,f_min.final_model.000.05.det_cont.csv,{'58 S', '1 L', '162 A', '5 E', '15 L', '8 D', '12 R', '160 L', '161 R', '9 K', '157 Q', '57 Q', '164 R', '56 F'}
f_min.final_model.000.06.det_cont.csv,f_min.final_model.000.06.det_cont.csv,{'58 S', '51 E', '37 E', '19 S', '27 N', '160 L', '159 S', '96 A', '99 M', '156 L', '20 A', '36 K', '26 C', '34 S', '17 G', '12 R', '9 K', '157 Q', '57 Q', '32 C', '13 Y', '22 R', '90 S', '1 L', '93 Q', '5 E', '23 K', '24 E', '15 L', '16 D', '161 R', '92 E', '35 S', '21 L', '95 R', '56 F', '89 S', '146 H', '91 E', '162 A', '158 S', '8 D', '18 I', '33 E', '154 E', '153 K', '164 R', '150 R'}
f_min.final_model.000.06.det_cont.csv,f_min.final_model.000.07.det_cont.csv,{'1 L', '93 Q', '5 E', '16 D', '17 G', '8 D', '12 R', '92 E', '9 K', '96 A', '99 M', '95 R', '13 Y'}
f_min.final_model.000.06.det_cont.csv,f_min.final_model.000.08.det_cont.csv,{'19 S', '27 N', '160 L', '96 A', '99 M', '20 A', '26 C', '17 G', '12 R', '9 K', '157 Q', '22 R', '13 Y', '90 S', '93 Q', '5 E', '23 K', '24 E', '15 L', '16 D', '92 E', '21 L', '95 R', '89 S', '91 E', '8 D', '18 I', '153 K', '164 R'}
f_min.final_model.000.06.det_cont.csv,f_min.final_model.000.09.det_cont.csv,{'19 S', '96 A', '99 M', '20 A', '17 G', '12 R', '9 K', '13 Y', '1 L', '93 Q', '5 E', '23 K', '15 L', '16 D', '92 E', '95 R', '91 E', '8 D', '18 I', '164 R'}
f_min.final_model.000.06.det_cont.csv,f_min.final_model.000.10.det_cont.csv,{'1 L', '5 E', '8 D', '12 R', '9 K', '99 M', '13 Y'}
f_min.final_model.000.06.det_cont.csv,f_min.final_model.000.11.det_cont.csv,{'19 S', '27 N', '96 A', '99 M', '20 A', '36 K', '26 C', '34 S', '17 G', '12 R', '32 C', '22 R', '13 Y', '90 S', '93 Q', '15 L', '23 K', '24 E', '16 D', '92 E', '35 S', '21 L', '95 R', '89 S', '91 E', '33 E'}
f_min.final_model.000.06.det_cont.csv,f_min.final_model.000.12.det_cont.csv,{'19 S', '27 N', '160 L', '96 A', '20 A', '26 C', '17 G', '12 R', '9 K', '13 Y', '90 S', '1 L', '93 Q', '5 E', '23 K', '24 E', '15 L', '16 D', '92 E', '21 L', '89 S', '91 E', '8 D', '18 I', '164 R'}
f_min.final_model.000.06.det_cont.csv,f_min.final_model.000.13.det_cont.csv,{'58 S', '51 E', '37 E', '19 S', '27 N', '160 L', '159 S', '96 A', '156 L', '20 A', '36 K', '26 C', '34 S', '17 G', '12 R', '157 Q', '57 Q', '32 C', '13 Y', '22 R', '90 S', '93 Q', '15 L', '23 K', '24 E', '16 D', '161 R', '92 E', '35 S', '21 L', '56 F', '89 S', '91 E', '162 A', '158 S', '8 D', '18 I', '33 E', '154 E', '153 K', '164 R', '150 R'}
f_min.final_model.000.06.det_cont.csv,f_min.final_model.000.14.det_cont.csv,{'19 S', '160 L', '96 A', '99 M', '20 A', '17 G', '12 R', '9 K', '13 Y', '90 S', '1 L', '93 Q', '5 E', '23 K', '24 E', '15 L', '16 D', '92 E', '21 L', '95 R', '89 S', '91 E', '8 D', '18 I', '164 R'}
f_min.final_model.000.07.det_cont.csv,f_min.final_model.000.00.det_cont.csv,{'6 R', '96 A', '99 M', '17 G', '12 R', '9 K', '13 Y', '107 F', '1 L', '93 Q', '5 E', '16 D', '92 E', '95 R', '100 S', '14 I', '103 V', '8 D', '10 Q'}
f_min.final_model.000.07.det_cont.csv,f_min.final_model.000.01.det_cont.csv,{'1 L', '111 K', '5 E', '8 D', '12 R', '3 S', '2 T', '9 K', '6 R'}
f_min.final_model.000.07.det_cont.csv,f_min.final_model.000.02.det_cont.csv,{'1 L', '111 K', '113 K', '5 E', '16 D', '8 D', '12 R', '3 S', '2 T', '9 K', '6 R', '110 K', '114 N'}
f_min.final_model.000.07.det_cont.csv,f_min.final_model.000.03.det_cont.csv,{'102 K', '6 R', '99 M', '106 Q', '113 K', '109 Q', '3 S', '9 K', '112 A', '110 K', '114 N', '107 F', '1 L', '5 E', '116 D', '111 K', '103 V', '2 T', '115 L'}
f_min.final_model.000.07.det_cont.csv,f_min.final_model.000.04.det_cont.csv,{'102 K', '98 Q', '6 R', '96 A', '99 M', '106 Q', '113 K', '109 Q', '17 G', '3 S', '9 K', '112 A', '110 K', '114 N', '13 Y', '107 F', '1 L', '93 Q', '5 E', '16 D', '92 E', '95 R', '100 S', '111 K', '14 I', '103 V', '2 T', '10 Q'}
f_min.final_model.000.07.det_cont.csv,f_min.final_model.000.05.det_cont.csv,{'1 L', '111 K', '113 K', '5 E', '8 D', '12 R', '3 S', '2 T', '9 K', '110 K', '114 N', '115 L', '116 D', '117 A'}
f_min.final_model.000.07.det_cont.csv,f_min.final_model.000.06.det_cont.csv,{'1 L', '93 Q', '5 E', '16 D', '17 G', '8 D', '12 R', '92 E', '9 K', '96 A', '99 M', '95 R', '13 Y'}
f_min.final_model.000.07.det_cont.csv,f_min.final_model.000.07.det_cont.csv,{'74 L', '102 K', '98 Q', '6 R', '96 A', '99 M', '106 Q', '113 K', '118 I', '109 Q', '17 G', '120 T', '12 R', '3 S', '9 K', '112 A', '110 K', '114 N', '13 Y', '123 P', '107 F', '1 L', '93 Q', '5 E', '16 D', '119 T', '77 E', '92 E', '70 I', '95 R', '116 D', '100 S', '111 K', '14 I', '103 V', '105 I', '8 D', '2 T', '115 L', '10 Q', '117 A'}
f_min.final_model.000.07.det_cont.csv,f_min.final_model.000.08.det_cont.csv,{'100 S', '93 Q', '5 E', '16 D', '17 G', '14 I', '8 D', '12 R', '92 E', '9 K', '96 A', '99 M', '95 R', '13 Y', '10 Q'}
f_min.final_model.000.07.det_cont.csv,f_min.final_model.000.09.det_cont.csv,{'102 K', '98 Q', '6 R', '96 A', '99 M', '106 Q', '17 G', '12 R', '9 K', '110 K', '13 Y', '107 F', '1 L', '93 Q', '5 E', '16 D', '77 E', '92 E', '95 R', '100 S', '14 I', '103 V', '105 I', '8 D', '10 Q'}
f_min.final_model.000.07.det_cont.csv,f_min.final_model.000.10.det_cont.csv,{'74 L', '102 K', '6 R', '99 M', '106 Q', '113 K', '118 I', '109 Q', '120 T', '12 R', '3 S', '9 K', '112 A', '110 K', '114 N', '13 Y', '107 F', '1 L', '5 E', '119 T', '70 I', '116 D', '111 K', '103 V', '105 I', '8 D', '2 T', '115 L', '10 Q', '117 A'}
f_min.final_model.000.07.det_cont.csv,f_min.final_model.000.11.det_cont.csv,{'100 S', '93 Q', '16 D', '17 G', '12 R', '92 E', '96 A', '99 M', '95 R', '13 Y'}
f_min.final_model.000.07.det_cont.csv,f_min.final_model.000.12.det_cont.csv,{'1 L', '93 Q', '5 E', '16 D', '17 G', '14 I', '8 D', '12 R', '92 E', '9 K', '96 A', '13 Y'}
f_min.final_model.000.07.det_cont.csv,f_min.final_model.000.13.det_cont.csv,{'93 Q', '16 D', '17 G', '8 D', '12 R', '92 E', '96 A', '13 Y'}
f_min.final_model.000.07.det_cont.csv,f_min.final_model.000.14.det_cont.csv,{'102 K', '98 Q', '6 R', '96 A', '99 M', '106 Q', '17 G', '12 R', '9 K', '110 K', '13 Y', '107 F', '1 L', '93 Q', '5 E', '16 D', '92 E', '95 R', '100 S', '14 I', '103 V', '8 D', '10 Q'}
f_min.final_model.000.08.det_cont.csv,f_min.final_model.000.00.det_cont.csv,{'19 S', '160 L', '96 A', '99 M', '20 A', '17 G', '12 R', '9 K', '157 Q', '22 R', '13 Y', '90 S', '93 Q', '11 I', '5 E', '23 K', '15 L', '16 D', '92 E', '95 R', '89 S', '100 S', '14 I', '8 D', '153 K', '164 R', '10 Q'}
f_min.final_model.000.08.det_cont.csv,f_min.final_model.000.01.det_cont.csv,{'5 E', '8 D', '12 R', '160 L', '9 K', '157 Q', '153 K', '164 R', '22 R'}
f_min.final_model.000.08.det_cont.csv,f_min.final_model.000.02.det_cont.csv,{'11 I', '5 E', '15 L', '16 D', '8 D', '12 R', '160 L', '9 K', '157 Q', '153 K', '164 R'}
f_min.final_model.000.08.det_cont.csv,f_min.final_model.000.03.det_cont.csv,{'164 R', '9 K', '99 M', '5 E'}
f_min.final_model.000.08.det_cont.csv,f_min.final_model.000.04.det_cont.csv,{'100 S', '93 Q', '5 E', '16 D', '17 G', '14 I', '92 E', '164 R', '9 K', '96 A', '99 M', '20 A', '95 R', '97 V', '13 Y', '10 Q'}
f_min.final_model.000.08.det_cont.csv,f_min.final_model.000.05.det_cont.csv,{'5 E', '15 L', '8 D', '12 R', '160 L', '9 K', '157 Q', '164 R'}
f_min.final_model.000.08.det_cont.csv,f_min.final_model.000.06.det_cont.csv,{'19 S', '27 N', '160 L', '96 A', '99 M', '20 A', '26 C', '17 G', '12 R', '9 K', '157 Q', '22 R', '13 Y', '90 S', '93 Q', '5 E', '23 K', '24 E', '15 L', '16 D', '92 E', '21 L', '95 R', '89 S', '91 E', '8 D', '18 I', '153 K', '164 R'}
f_min.final_model.000.08.det_cont.csv,f_min.final_model.000.07.det_cont.csv,{'100 S', '93 Q', '5 E', '16 D', '17 G', '14 I', '8 D', '12 R', '92 E', '9 K', '96 A', '99 M', '95 R', '13 Y', '10 Q'}
f_min.final_model.000.08.det_cont.csv,f_min.final_model.000.08.det_cont.csv,{'19 S', '27 N', '87 F', '160 L', '96 A', '84 Q', '99 M', '20 A', '26 C', '17 G', '12 R', '85 N', '9 K', '157 Q', '97 V', '22 R', '13 Y', '90 S', '93 Q', '11 I', '5 E', '23 K', '24 E', '15 L', '16 D', '92 E', '21 L', '95 R', '88 E', '89 S', '100 S', '91 E', '14 I', '8 D', '18 I', '153 K', '164 R', '10 Q'}
f_min.final_model.000.08.det_cont.csv,f_min.final_model.000.09.det_cont.csv,{'19 S', '96 A', '99 M', '84 Q', '20 A', '17 G', '12 R', '9 K', '97 V', '13 Y', '93 Q', '5 E', '23 K', '15 L', '16 D', '92 E', '95 R', '100 S', '91 E', '14 I', '8 D', '18 I', '164 R', '10 Q'}
f_min.final_model.000.08.det_cont.csv,f_min.final_model.000.10.det_cont.csv,{'5 E', '8 D', '12 R', '9 K', '99 M', '13 Y', '10 Q'}
f_min.final_model.000.08.det_cont.csv,f_min.final_model.000.11.det_cont.csv,{'19 S', '27 N', '96 A', '99 M', '20 A', '26 C', '17 G', '12 R', '22 R', '13 Y', '90 S', '93 Q', '15 L', '23 K', '24 E', '16 D', '92 E', '21 L', '95 R', '88 E', '89 S', '100 S', '91 E'}
f_min.final_model.000.08.det_cont.csv,f_min.final_model.000.12.det_cont.csv,{'19 S', '27 N', '87 F', '160 L', '96 A', '20 A', '26 C', '17 G', '12 R', '9 K', '97 V', '13 Y', '90 S', '93 Q', '5 E', '23 K', '24 E', '15 L', '16 D', '92 E', '21 L', '88 E', '89 S', '91 E', '14 I', '8 D', '18 I', '164 R'}
f_min.final_model.000.08.det_cont.csv,f_min.final_model.000.13.det_cont.csv,{'19 S', '27 N', '87 F', '160 L', '96 A', '20 A', '26 C', '17 G', '12 R', '157 Q', '97 V', '22 R', '13 Y', '90 S', '93 Q', '11 I', '15 L', '23 K', '24 E', '16 D', '92 E', '21 L', '88 E', '89 S', '91 E', '8 D', '18 I', '153 K', '164 R'}
f_min.final_model.000.08.det_cont.csv,f_min.final_model.000.14.det_cont.csv,{'19 S', '160 L', '96 A', '99 M', '84 Q', '20 A', '17 G', '12 R', '9 K', '97 V', '13 Y', '90 S', '93 Q', '5 E', '23 K', '24 E', '15 L', '16 D', '92 E', '21 L', '95 R', '89 S', '100 S', '91 E', '14 I', '8 D', '18 I', '164 R', '10 Q'}
f_min.final_model.000.09.det_cont.csv,f_min.final_model.000.00.det_cont.csv,{'19 S', '6 R', '96 A', '99 M', '20 A', '17 G', '12 R', '9 K', '13 Y', '107 F', '1 L', '93 Q', '5 E', '23 K', '15 L', '16 D', '92 E', '95 R', '100 S', '14 I', '103 V', '8 D', '164 R', '10 Q'}
f_min.final_model.000.09.det_cont.csv,f_min.final_model.000.01.det_cont.csv,{'1 L', '5 E', '8 D', '12 R', '9 K', '6 R', '164 R'}
f_min.final_model.000.09.det_cont.csv,f_min.final_model.000.02.det_cont.csv,{'1 L', '5 E', '15 L', '16 D', '8 D', '12 R', '9 K', '6 R', '110 K', '164 R'}
f_min.final_model.000.09.det_cont.csv,f_min.final_model.000.03.det_cont.csv,{'107 F', '1 L', '5 E', '102 K', '103 V', '6 R', '99 M', '9 K', '110 K', '164 R', '106 Q'}
f_min.final_model.000.09.det_cont.csv,f_min.final_model.000.04.det_cont.csv,{'102 K', '98 Q', '6 R', '96 A', '99 M', '20 A', '106 Q', '17 G', '9 K', '110 K', '97 V', '13 Y', '107 F', '1 L', '93 Q', '5 E', '16 D', '92 E', '95 R', '100 S', '14 I', '103 V', '164 R', '10 Q'}
f_min.final_model.000.09.det_cont.csv,f_min.final_model.000.05.det_cont.csv,{'1 L', '5 E', '15 L', '8 D', '12 R', '9 K', '110 K', '164 R'}
f_min.final_model.000.09.det_cont.csv,f_min.final_model.000.06.det_cont.csv,{'19 S', '96 A', '99 M', '20 A', '17 G', '12 R', '9 K', '13 Y', '1 L', '93 Q', '5 E', '23 K', '15 L', '16 D', '92 E', '95 R', '91 E', '8 D', '18 I', '164 R'}
f_min.final_model.000.09.det_cont.csv,f_min.final_model.000.07.det_cont.csv,{'102 K', '98 Q', '6 R', '96 A', '99 M', '106 Q', '17 G', '12 R', '9 K', '110 K', '13 Y', '107 F', '1 L', '93 Q', '5 E', '16 D', '77 E', '92 E', '95 R', '100 S', '14 I', '103 V', '105 I', '8 D', '10 Q'}
f_min.final_model.000.09.det_cont.csv,f_min.final_model.000.08.det_cont.csv,{'19 S', '96 A', '99 M', '84 Q', '20 A', '17 G', '12 R', '9 K', '97 V', '13 Y', '93 Q', '5 E', '23 K', '15 L', '16 D', '92 E', '95 R', '100 S', '91 E', '14 I', '8 D', '18 I', '164 R', '10 Q'}
f_min.final_model.000.09.det_cont.csv,f_min.final_model.000.09.det_cont.csv,{'102 K', '19 S', '98 Q', '6 R', '96 A', '84 Q', '99 M', '20 A', '106 Q', '17 G', '12 R', '9 K', '110 K', '97 V', '13 Y', '107 F', '1 L', '93 Q', '94 A', '5 E', '23 K', '15 L', '16 D', '77 E', '92 E', '95 R', '100 S', '91 E', '14 I', '103 V', '18 I', '105 I', '8 D', '164 R', '10 Q'}
f_min.final_model.000.09.det_cont.csv,f_min.final_model.000.10.det_cont.csv,{'107 F', '1 L', '13 Y', '5 E', '102 K', '103 V', '105 I', '8 D', '12 R', '6 R', '99 M', '9 K', '110 K', '106 Q', '10 Q'}
f_min.final_model.000.09.det_cont.csv,f_min.final_model.000.11.det_cont.csv,{'100 S', '94 A', '93 Q', '91 E', '15 L', '23 K', '19 S', '17 G', '16 D', '12 R', '92 E', '96 A', '99 M', '20 A', '95 R', '13 Y'}
f_min.final_model.000.09.det_cont.csv,f_min.final_model.000.12.det_cont.csv,{'19 S', '96 A', '20 A', '17 G', '12 R', '9 K', '97 V', '13 Y', '1 L', '93 Q', '5 E', '23 K', '15 L', '16 D', '92 E', '91 E', '14 I', '8 D', '18 I', '164 R'}
f_min.final_model.000.09.det_cont.csv,f_min.final_model.000.13.det_cont.csv,{'94 A', '93 Q', '91 E', '15 L', '23 K', '19 S', '17 G', '16 D', '18 I', '8 D', '12 R', '92 E', '164 R', '96 A', '20 A', '97 V', '13 Y'}
f_min.final_model.000.09.det_cont.csv,f_min.final_model.000.14.det_cont.csv,{'102 K', '19 S', '98 Q', '6 R', '96 A', '84 Q', '99 M', '20 A', '106 Q', '17 G', '12 R', '9 K', '110 K', '97 V', '13 Y', '107 F', '1 L', '93 Q', '94 A', '5 E', '23 K', '15 L', '16 D', '92 E', '95 R', '100 S', '91 E', '14 I', '103 V', '18 I', '8 D', '164 R', '10 Q'}
f_min.final_model.000.10.det_cont.csv,f_min.final_model.000.00.det_cont.csv,{'107 F', '1 L', '5 E', '103 V', '8 D', '12 R', '9 K', '6 R', '99 M', '13 Y', '10 Q'}
f_min.final_model.000.10.det_cont.csv,f_min.final_model.000.01.det_cont.csv,{'1 L', '111 K', '4 S', '5 E', '8 D', '12 R', '3 S', '2 T', '9 K', '6 R'}
f_min.final_model.000.10.det_cont.csv,f_min.final_model.000.02.det_cont.csv,{'1 L', '111 K', '4 S', '113 K', '5 E', '8 D', '12 R', '3 S', '2 T', '6 R', '9 K', '110 K', '114 N'}
f_min.final_model.000.10.det_cont.csv,f_min.final_model.000.03.det_cont.csv,{'4 S', '102 K', '6 R', '99 M', '106 Q', '113 K', '109 Q', '3 S', '9 K', '112 A', '110 K', '114 N', '107 F', '1 L', '5 E', '116 D', '111 K', '103 V', '2 T', '115 L'}
f_min.final_model.000.10.det_cont.csv,f_min.final_model.000.04.det_cont.csv,{'4 S', '102 K', '6 R', '99 M', '106 Q', '113 K', '109 Q', '3 S', '9 K', '112 A', '110 K', '114 N', '13 Y', '107 F', '1 L', '5 E', '111 K', '103 V', '2 T', '10 Q'}
f_min.final_model.000.10.det_cont.csv,f_min.final_model.000.05.det_cont.csv,{'1 L', '111 K', '4 S', '113 K', '5 E', '8 D', '12 R', '3 S', '2 T', '9 K', '110 K', '114 N', '115 L', '116 D', '117 A'}
f_min.final_model.000.10.det_cont.csv,f_min.final_model.000.06.det_cont.csv,{'1 L', '5 E', '8 D', '12 R', '9 K', '99 M', '13 Y'}
f_min.final_model.000.10.det_cont.csv,f_min.final_model.000.07.det_cont.csv,{'74 L', '102 K', '6 R', '99 M', '106 Q', '113 K', '118 I', '109 Q', '120 T', '12 R', '3 S', '9 K', '112 A', '110 K', '114 N', '13 Y', '107 F', '1 L', '5 E', '119 T', '70 I', '116 D', '111 K', '103 V', '105 I', '8 D', '2 T', '115 L', '10 Q', '117 A'}
f_min.final_model.000.10.det_cont.csv,f_min.final_model.000.08.det_cont.csv,{'5 E', '8 D', '12 R', '9 K', '99 M', '13 Y', '10 Q'}
f_min.final_model.000.10.det_cont.csv,f_min.final_model.000.09.det_cont.csv,{'107 F', '1 L', '13 Y', '5 E', '102 K', '103 V', '105 I', '8 D', '12 R', '6 R', '99 M', '9 K', '110 K', '106 Q', '10 Q'}
f_min.final_model.000.10.det_cont.csv,f_min.final_model.000.10.det_cont.csv,{'74 L', '4 S', '102 K', '6 R', '99 M', '108 L', '106 Q', '113 K', '118 I', '109 Q', '120 T', '12 R', '3 S', '9 K', '112 A', '110 K', '114 N', '13 Y', '107 F', '1 L', '5 E', '119 T', '70 I', '116 D', '111 K', '71 T', '103 V', '105 I', '8 D', '2 T', '115 L', '10 Q', '117 A'}
f_min.final_model.000.10.det_cont.csv,f_min.final_model.000.11.det_cont.csv,{'13 Y', '99 M', '12 R'}
f_min.final_model.000.10.det_cont.csv,f_min.final_model.000.12.det_cont.csv,{'1 L', '5 E', '8 D', '12 R', '9 K', '13 Y'}
f_min.final_model.000.10.det_cont.csv,f_min.final_model.000.13.det_cont.csv,{'8 D', '13 Y', '12 R'}
f_min.final_model.000.10.det_cont.csv,f_min.final_model.000.14.det_cont.csv,{'107 F', '1 L', '13 Y', '5 E', '102 K', '103 V', '8 D', '12 R', '6 R', '99 M', '9 K', '110 K', '106 Q', '10 Q'}
f_min.final_model.000.11.det_cont.csv,f_min.final_model.000.00.det_cont.csv,{'19 S', '96 A', '99 M', '20 A', '36 K', '34 S', '17 G', '12 R', '32 C', '22 R', '13 Y', '90 S', '93 Q', '15 L', '23 K', '16 D', '92 E', '35 S', '95 R', '89 S', '100 S', '33 E'}
f_min.final_model.000.11.det_cont.csv,f_min.final_model.000.01.det_cont.csv,{'34 S', '12 R', '33 E', '35 S', '36 K', '22 R'}
f_min.final_model.000.11.det_cont.csv,f_min.final_model.000.02.det_cont.csv,{'15 L', '16 D', '34 S', '12 R', '35 S'}
f_min.final_model.000.11.det_cont.csv,f_min.final_model.000.03.det_cont.csv,{'99 M'}
f_min.final_model.000.11.det_cont.csv,f_min.final_model.000.04.det_cont.csv,{'100 S', '93 Q', '16 D', '17 G', '92 E', '96 A', '99 M', '20 A', '95 R', '13 Y'}
f_min.final_model.000.11.det_cont.csv,f_min.final_model.000.05.det_cont.csv,{'15 L', '12 R'}
f_min.final_model.000.11.det_cont.csv,f_min.final_model.000.06.det_cont.csv,{'19 S', '27 N', '96 A', '99 M', '20 A', '36 K', '26 C', '34 S', '17 G', '12 R', '32 C', '22 R', '13 Y', '90 S', '93 Q', '15 L', '23 K', '24 E', '16 D', '92 E', '35 S', '21 L', '95 R', '89 S', '91 E', '33 E'}
f_min.final_model.000.11.det_cont.csv,f_min.final_model.000.07.det_cont.csv,{'100 S', '93 Q', '16 D', '17 G', '12 R', '92 E', '96 A', '99 M', '95 R', '13 Y'}
f_min.final_model.000.11.det_cont.csv,f_min.final_model.000.08.det_cont.csv,{'19 S', '27 N', '96 A', '99 M', '20 A', '26 C', '17 G', '12 R', '22 R', '13 Y', '90 S', '93 Q', '15 L', '23 K', '24 E', '16 D', '92 E', '21 L', '95 R', '88 E', '89 S', '100 S', '91 E'}
f_min.final_model.000.11.det_cont.csv,f_min.final_model.000.09.det_cont.csv,{'100 S', '94 A', '93 Q', '91 E', '15 L', '23 K', '19 S', '17 G', '16 D', '12 R', '92 E', '96 A', '99 M', '20 A', '95 R', '13 Y'}
f_min.final_model.000.11.det_cont.csv,f_min.final_model.000.10.det_cont.csv,{'13 Y', '99 M', '12 R'}
f_min.final_model.000.11.det_cont.csv,f_min.final_model.000.11.det_cont.csv,{'30 N', '25 T', '143 M', '139 W', '27 N', '19 S', '96 A', '99 M', '20 A', '36 K', '28 K', '26 C', '34 S', '17 G', '12 R', '32 C', '22 R', '13 Y', '90 S', '94 A', '93 Q', '15 L', '23 K', '24 E', '16 D', '31 M', '92 E', '35 S', '21 L', '95 R', '88 E', '89 S', '100 S', '29 S', '91 E', '138 Q', '33 E'}
f_min.final_model.000.11.det_cont.csv,f_min.final_model.000.12.det_cont.csv,{'30 N', '25 T', '139 W', '27 N', '19 S', '96 A', '20 A', '28 K', '26 C', '17 G', '12 R', '13 Y', '90 S', '93 Q', '15 L', '23 K', '24 E', '16 D', '31 M', '92 E', '21 L', '88 E', '89 S', '29 S', '91 E', '138 Q'}
f_min.final_model.000.11.det_cont.csv,f_min.final_model.000.13.det_cont.csv,{'30 N', '19 S', '27 N', '96 A', '20 A', '36 K', '28 K', '26 C', '34 S', '17 G', '12 R', '32 C', '22 R', '13 Y', '90 S', '94 A', '93 Q', '15 L', '23 K', '24 E', '16 D', '92 E', '35 S', '21 L', '88 E', '89 S', '91 E', '33 E'}
f_min.final_model.000.11.det_cont.csv,f_min.final_model.000.14.det_cont.csv,{'19 S', '96 A', '99 M', '20 A', '17 G', '12 R', '13 Y', '90 S', '94 A', '93 Q', '15 L', '23 K', '24 E', '16 D', '92 E', '21 L', '95 R', '89 S', '100 S', '91 E'}
f_min.final_model.000.12.det_cont.csv,f_min.final_model.000.00.det_cont.csv,{'19 S', '160 L', '96 A', '20 A', '17 G', '12 R', '9 K', '13 Y', '90 S', '1 L', '93 Q', '5 E', '23 K', '15 L', '16 D', '92 E', '89 S', '14 I', '8 D', '164 R'}
f_min.final_model.000.12.det_cont.csv,f_min.final_model.000.01.det_cont.csv,{'1 L', '5 E', '8 D', '12 R', '160 L', '9 K', '164 R'}
f_min.final_model.000.12.det_cont.csv,f_min.final_model.000.02.det_cont.csv,{'1 L', '5 E', '15 L', '16 D', '8 D', '12 R', '160 L', '9 K', '164 R'}
f_min.final_model.000.12.det_cont.csv,f_min.final_model.000.03.det_cont.csv,{'1 L', '164 R', '9 K', '5 E'}
f_min.final_model.000.12.det_cont.csv,f_min.final_model.000.04.det_cont.csv,{'1 L', '93 Q', '5 E', '16 D', '17 G', '14 I', '92 E', '164 R', '9 K', '96 A', '20 A', '97 V', '13 Y'}
f_min.final_model.000.12.det_cont.csv,f_min.final_model.000.05.det_cont.csv,{'1 L', '5 E', '15 L', '8 D', '12 R', '160 L', '9 K', '164 R'}
f_min.final_model.000.12.det_cont.csv,f_min.final_model.000.06.det_cont.csv,{'19 S', '27 N', '160 L', '96 A', '20 A', '26 C', '17 G', '12 R', '9 K', '13 Y', '90 S', '1 L', '93 Q', '5 E', '23 K', '24 E', '15 L', '16 D', '92 E', '21 L', '89 S', '91 E', '8 D', '18 I', '164 R'}
f_min.final_model.000.12.det_cont.csv,f_min.final_model.000.07.det_cont.csv,{'1 L', '93 Q', '5 E', '16 D', '17 G', '14 I', '8 D', '12 R', '92 E', '9 K', '96 A', '13 Y'}
f_min.final_model.000.12.det_cont.csv,f_min.final_model.000.08.det_cont.csv,{'19 S', '27 N', '87 F', '160 L', '96 A', '20 A', '26 C', '17 G', '12 R', '9 K', '97 V', '13 Y', '90 S', '93 Q', '5 E', '23 K', '24 E', '15 L', '16 D', '92 E', '21 L', '88 E', '89 S', '91 E', '14 I', '8 D', '18 I', '164 R'}
f_min.final_model.000.12.det_cont.csv,f_min.final_model.000.09.det_cont.csv,{'19 S', '96 A', '20 A', '17 G', '12 R', '9 K', '97 V', '13 Y', '1 L', '93 Q', '5 E', '23 K', '15 L', '16 D', '92 E', '91 E', '14 I', '8 D', '18 I', '164 R'}
f_min.final_model.000.12.det_cont.csv,f_min.final_model.000.10.det_cont.csv,{'1 L', '5 E', '8 D', '12 R', '9 K', '13 Y'}
f_min.final_model.000.12.det_cont.csv,f_min.final_model.000.11.det_cont.csv,{'30 N', '25 T', '139 W', '27 N', '19 S', '96 A', '20 A', '28 K', '26 C', '17 G', '12 R', '13 Y', '90 S', '93 Q', '15 L', '23 K', '24 E', '16 D', '31 M', '92 E', '21 L', '88 E', '89 S', '29 S', '91 E', '138 Q'}
f_min.final_model.000.12.det_cont.csv,f_min.final_model.000.12.det_cont.csv,{'30 N', '25 T', '139 W', '27 N', '19 S', '87 F', '160 L', '96 A', '20 A', '28 K', '26 C', '17 G', '12 R', '9 K', '97 V', '13 Y', '90 S', '1 L', '93 Q', '5 E', '23 K', '24 E', '15 L', '16 D', '31 M', '92 E', '21 L', '137 N', '142 D', '141 Q', '86 R', '89 S', '88 E', '29 S', '91 E', '138 Q', '14 I', '8 D', '18 I', '140 L', '164 R'}
f_min.final_model.000.12.det_cont.csv,f_min.final_model.000.13.det_cont.csv,{'30 N', '19 S', '27 N', '87 F', '160 L', '96 A', '20 A', '28 K', '26 C', '17 G', '12 R', '97 V', '13 Y', '90 S', '93 Q', '15 L', '23 K', '24 E', '16 D', '92 E', '21 L', '88 E', '89 S', '91 E', '8 D', '18 I', '164 R'}
f_min.final_model.000.12.det_cont.csv,f_min.final_model.000.14.det_cont.csv,{'19 S', '160 L', '96 A', '20 A', '17 G', '12 R', '9 K', '97 V', '13 Y', '90 S', '1 L', '93 Q', '5 E', '23 K', '24 E', '15 L', '16 D', '92 E', '21 L', '89 S', '91 E', '14 I', '8 D', '18 I', '164 R'}
f_min.final_model.000.13.det_cont.csv,f_min.final_model.000.00.det_cont.csv,{'37 E', '19 S', '160 L', '96 A', '20 A', '36 K', '34 S', '17 G', '12 R', '48 K', '157 Q', '57 Q', '32 C', '22 R', '13 Y', '90 S', '93 Q', '11 I', '15 L', '23 K', '16 D', '161 R', '92 E', '35 S', '56 F', '89 S', '165 Q', '158 S', '8 D', '33 E', '154 E', '153 K', '164 R', '150 R'}
f_min.final_model.000.13.det_cont.csv,f_min.final_model.000.01.det_cont.csv,{'58 S', '51 E', '37 E', '49 M', '160 L', '36 K', '34 S', '12 R', '48 K', '50 A', '157 Q', '57 Q', '22 R', '151 S', '161 R', '35 S', '56 F', '165 Q', '158 S', '8 D', '33 E', '154 E', '153 K', '164 R', '150 R'}
f_min.final_model.000.13.det_cont.csv,f_min.final_model.000.02.det_cont.csv,{'58 S', '51 E', '37 E', '49 M', '160 L', '155 F', '34 S', '12 R', '48 K', '157 Q', '57 Q', '11 I', '15 L', '16 D', '151 S', '161 R', '35 S', '56 F', '162 A', '165 Q', '158 S', '8 D', '154 E', '153 K', '164 R', '150 R'}
f_min.final_model.000.13.det_cont.csv,f_min.final_model.000.03.det_cont.csv,{'164 R', '165 Q'}
f_min.final_model.000.13.det_cont.csv,f_min.final_model.000.04.det_cont.csv,{'93 Q', '165 Q', '16 D', '17 G', '92 E', '164 R', '96 A', '20 A', '97 V', '13 Y'}
f_min.final_model.000.13.det_cont.csv,f_min.final_model.000.05.det_cont.csv,{'58 S', '162 A', '15 L', '165 Q', '8 D', '12 R', '160 L', '161 R', '157 Q', '57 Q', '164 R', '56 F'}
f_min.final_model.000.13.det_cont.csv,f_min.final_model.000.06.det_cont.csv,{'58 S', '51 E', '37 E', '19 S', '27 N', '160 L', '159 S', '96 A', '156 L', '20 A', '36 K', '26 C', '34 S', '17 G', '12 R', '157 Q', '57 Q', '32 C', '13 Y', '22 R', '90 S', '93 Q', '15 L', '23 K', '24 E', '16 D', '161 R', '92 E', '35 S', '21 L', '56 F', '89 S', '91 E', '162 A', '158 S', '8 D', '18 I', '33 E', '154 E', '153 K', '164 R', '150 R'}
f_min.final_model.000.13.det_cont.csv,f_min.final_model.000.07.det_cont.csv,{'93 Q', '16 D', '17 G', '8 D', '12 R', '92 E', '96 A', '13 Y'}
f_min.final_model.000.13.det_cont.csv,f_min.final_model.000.08.det_cont.csv,{'19 S', '27 N', '87 F', '160 L', '96 A', '20 A', '26 C', '17 G', '12 R', '157 Q', '97 V', '22 R', '13 Y', '90 S', '93 Q', '11 I', '15 L', '23 K', '24 E', '16 D', '92 E', '21 L', '88 E', '89 S', '91 E', '8 D', '18 I', '153 K', '164 R'}
f_min.final_model.000.13.det_cont.csv,f_min.final_model.000.09.det_cont.csv,{'94 A', '93 Q', '91 E', '15 L', '23 K', '19 S', '17 G', '16 D', '18 I', '8 D', '12 R', '92 E', '164 R', '96 A', '20 A', '97 V', '13 Y'}
f_min.final_model.000.13.det_cont.csv,f_min.final_model.000.10.det_cont.csv,{'8 D', '13 Y', '12 R'}
f_min.final_model.000.13.det_cont.csv,f_min.final_model.000.11.det_cont.csv,{'30 N', '19 S', '27 N', '96 A', '20 A', '36 K', '28 K', '26 C', '34 S', '17 G', '12 R', '32 C', '22 R', '13 Y', '90 S', '94 A', '93 Q', '15 L', '23 K', '24 E', '16 D', '92 E', '35 S', '21 L', '88 E', '89 S', '91 E', '33 E'}
f_min.final_model.000.13.det_cont.csv,f_min.final_model.000.12.det_cont.csv,{'30 N', '19 S', '27 N', '87 F', '160 L', '96 A', '20 A', '28 K', '26 C', '17 G', '12 R', '97 V', '13 Y', '90 S', '93 Q', '15 L', '23 K', '24 E', '16 D', '92 E', '21 L', '88 E', '89 S', '91 E', '8 D', '18 I', '164 R'}
f_min.final_model.000.13.det_cont.csv,f_min.final_model.000.13.det_cont.csv,{'58 S', '30 N', '51 E', '37 E', '49 M', '19 S', '27 N', '87 F', '160 L', '159 S', '96 A', '156 L', '20 A', '36 K', '28 K', '26 C', '155 F', '34 S', '17 G', '12 R', '48 K', '50 A', '157 Q', '57 Q', '32 C', '97 V', '22 R', '13 Y', '90 S', '94 A', '93 Q', '11 I', '15 L', '23 K', '24 E', '16 D', '151 S', '161 R', '92 E', '35 S', '21 L', '56 F', '88 E', '89 S', '91 E', '162 A', '165 Q', '158 S', '8 D', '18 I', '33 E', '154 E', '153 K', '164 R', '150 R'}
f_min.final_model.000.13.det_cont.csv,f_min.final_model.000.14.det_cont.csv,{'19 S', '160 L', '96 A', '20 A', '17 G', '12 R', '97 V', '13 Y', '90 S', '94 A', '93 Q', '15 L', '23 K', '24 E', '16 D', '92 E', '21 L', '89 S', '91 E', '8 D', '18 I', '164 R'}
f_min.final_model.000.14.det_cont.csv,f_min.final_model.000.00.det_cont.csv,{'19 S', '160 L', '6 R', '96 A', '99 M', '20 A', '17 G', '12 R', '9 K', '13 Y', '90 S', '107 F', '1 L', '93 Q', '5 E', '23 K', '15 L', '16 D', '92 E', '95 R', '89 S', '100 S', '14 I', '103 V', '8 D', '164 R', '10 Q'}
f_min.final_model.000.14.det_cont.csv,f_min.final_model.000.01.det_cont.csv,{'1 L', '5 E', '8 D', '12 R', '160 L', '9 K', '6 R', '164 R'}
f_min.final_model.000.14.det_cont.csv,f_min.final_model.000.02.det_cont.csv,{'1 L', '5 E', '15 L', '16 D', '8 D', '12 R', '160 L', '9 K', '6 R', '110 K', '164 R'}
f_min.final_model.000.14.det_cont.csv,f_min.final_model.000.03.det_cont.csv,{'107 F', '1 L', '5 E', '102 K', '103 V', '6 R', '99 M', '9 K', '110 K', '164 R', '106 Q'}
f_min.final_model.000.14.det_cont.csv,f_min.final_model.000.04.det_cont.csv,{'102 K', '98 Q', '6 R', '96 A', '99 M', '20 A', '106 Q', '17 G', '9 K', '110 K', '97 V', '13 Y', '107 F', '1 L', '93 Q', '5 E', '16 D', '92 E', '95 R', '100 S', '14 I', '103 V', '164 R', '10 Q'}
f_min.final_model.000.14.det_cont.csv,f_min.final_model.000.05.det_cont.csv,{'1 L', '5 E', '15 L', '8 D', '12 R', '160 L', '9 K', '110 K', '164 R'}
f_min.final_model.000.14.det_cont.csv,f_min.final_model.000.06.det_cont.csv,{'19 S', '160 L', '96 A', '99 M', '20 A', '17 G', '12 R', '9 K', '13 Y', '90 S', '1 L', '93 Q', '5 E', '23 K', '24 E', '15 L', '16 D', '92 E', '21 L', '95 R', '89 S', '91 E', '8 D', '18 I', '164 R'}
f_min.final_model.000.14.det_cont.csv,f_min.final_model.000.07.det_cont.csv,{'102 K', '98 Q', '6 R', '96 A', '99 M', '106 Q', '17 G', '12 R', '9 K', '110 K', '13 Y', '107 F', '1 L', '93 Q', '5 E', '16 D', '92 E', '95 R', '100 S', '14 I', '103 V', '8 D', '10 Q'}
f_min.final_model.000.14.det_cont.csv,f_min.final_model.000.08.det_cont.csv,{'19 S', '160 L', '96 A', '99 M', '84 Q', '20 A', '17 G', '12 R', '9 K', '97 V', '13 Y', '90 S', '93 Q', '5 E', '23 K', '24 E', '15 L', '16 D', '92 E', '21 L', '95 R', '89 S', '100 S', '91 E', '14 I', '8 D', '18 I', '164 R', '10 Q'}
f_min.final_model.000.14.det_cont.csv,f_min.final_model.000.09.det_cont.csv,{'102 K', '19 S', '98 Q', '6 R', '96 A', '84 Q', '99 M', '20 A', '106 Q', '17 G', '12 R', '9 K', '110 K', '97 V', '13 Y', '107 F', '1 L', '93 Q', '94 A', '5 E', '23 K', '15 L', '16 D', '92 E', '95 R', '100 S', '91 E', '14 I', '103 V', '18 I', '8 D', '164 R', '10 Q'}
f_min.final_model.000.14.det_cont.csv,f_min.final_model.000.10.det_cont.csv,{'107 F', '1 L', '13 Y', '5 E', '102 K', '103 V', '8 D', '12 R', '6 R', '99 M', '9 K', '110 K', '106 Q', '10 Q'}
f_min.final_model.000.14.det_cont.csv,f_min.final_model.000.11.det_cont.csv,{'19 S', '96 A', '99 M', '20 A', '17 G', '12 R', '13 Y', '90 S', '94 A', '93 Q', '15 L', '23 K', '24 E', '16 D', '92 E', '21 L', '95 R', '89 S', '100 S', '91 E'}
f_min.final_model.000.14.det_cont.csv,f_min.final_model.000.12.det_cont.csv,{'19 S', '160 L', '96 A', '20 A', '17 G', '12 R', '9 K', '97 V', '13 Y', '90 S', '1 L', '93 Q', '5 E', '23 K', '24 E', '15 L', '16 D', '92 E', '21 L', '89 S', '91 E', '14 I', '8 D', '18 I', '164 R'}
f_min.final_model.000.14.det_cont.csv,f_min.final_model.000.13.det_cont.csv,{'19 S', '160 L', '96 A', '20 A', '17 G', '12 R', '97 V', '13 Y', '90 S', '94 A', '93 Q', '15 L', '23 K', '24 E', '16 D', '92 E', '21 L', '89 S', '91 E', '8 D', '18 I', '164 R'}
f_min.final_model.000.14.det_cont.csv,f_min.final_model.000.14.det_cont.csv,{'102 K', '19 S', '160 L', '98 Q', '6 R', '96 A', '84 Q', '99 M', '20 A', '106 Q', '17 G', '12 R', '9 K', '110 K', '97 V', '13 Y', '90 S', '107 F', '1 L', '93 Q', '94 A', '5 E', '23 K', '24 E', '15 L', '16 D', '92 E', '21 L', '95 R', '89 S', '100 S', '91 E', '14 I', '103 V', '18 I', '8 D', '164 R', '10 Q'}
